id,fold,image_path,mask_path,mask_multiclass_path
case101_day20,0,/Users/elizabethnemeti/Desktop/uwdatapreprocessing/output/train/case101/case101_day20/case101_day20_image.nii.gz,/Users/elizabethnemeti/Desktop/uwdatapreprocessing/output/train/case101/case101_day20/case101_day20_mask.nii.gz,/Users/elizabethnemeti/Desktop/uwdatapreprocessing/output/train/case101/case101_day20/case101_day20_mask_multiclass.nii.gz
case101_day22,0,/Users/elizabethnemeti/Desktop/uwdatapreprocessing/output/train/case101/case101_day22/case101_day22_image.nii.gz,/Users/elizabethnemeti/Desktop/uwdatapreprocessing/output/train/case101/case101_day22/case101_day22_mask.nii.gz,/Users/elizabethnemeti/Desktop/uwdatapreprocessing/output/train/case101/case101_day22/case101_day22_mask_multiclass.nii.gz
case101_day26,0,/Users/elizabethnemeti/Desktop/uwdatapreprocessing/output/train/case101/case101_day26/case101_day26_image.nii.gz,/Users/elizabethnemeti/Desktop/uwdatapreprocessing/output/train/case101/case101_day26/case101_day26_mask.nii.gz,/Users/elizabethnemeti/Desktop/uwdatapreprocessing/output/train/case101/case101_day26/case101_day26_mask_multiclass.nii.gz
case101_day32,0,/Users/elizabethnemeti/Desktop/uwdatapreprocessing/output/train/case101/case101_day32/case101_day32_image.nii.gz,/Users/elizabethnemeti/Desktop/uwdatapreprocessing/output/train/case101/case101_day32/case101_day32_mask.nii.gz,/Users/elizabethnemeti/Desktop/uwdatapreprocessing/output/train/case101/case101_day32/case101_day32_mask_multiclass.nii.gz
case102_day0,4,/Users/elizabethnemeti/Desktop/uwdatapreprocessing/output/train/case102/case102_day0/case102_day0_image.nii.gz,/Users/elizabethnemeti/Desktop/uwdatapreprocessing/output/train/case102/case102_day0/case102_day0_mask.nii.gz,/Users/elizabethnemeti/Desktop/uwdatapreprocessing/output/train/case102/case102_day0/case102_day0_mask_multiclass.nii.gz
case107_day0,4,/Users/elizabethnemeti/Desktop/uwdatapreprocessing/output/train/case107/case107_day0/case107_day0_image.nii.gz,/Users/elizabethnemeti/Desktop/uwdatapreprocessing/output/train/case107/case107_day0/case107_day0_mask.nii.gz,/Users/elizabethnemeti/Desktop/uwdatapreprocessing/output/train/case107/case107_day0/case107_day0_mask_multiclass.nii.gz
case107_day19,4,/Users/elizabethnemeti/Desktop/uwdatapreprocessing/output/train/case107/case107_day19/case107_day19_image.nii.gz,/Users/elizabethnemeti/Desktop/uwdatapreprocessing/output/train/case107/case107_day19/case107_day19_mask.nii.gz,/Users/elizabethnemeti/Desktop/uwdatapreprocessing/output/train/case107/case107_day19/case107_day19_mask_multiclass.nii.gz
case107_day21,4,/Users/elizabethnemeti/Desktop/uwdatapreprocessing/output/train/case107/case107_day21/case107_day21_image.nii.gz,/Users/elizabethnemeti/Desktop/uwdatapreprocessing/output/train/case107/case107_day21/case107_day21_mask.nii.gz,/Users/elizabethnemeti/Desktop/uwdatapreprocessing/output/train/case107/case107_day21/case107_day21_mask_multiclass.nii.gz
case108_day0,2,/Users/elizabethnemeti/Desktop/uwdatapreprocessing/output/train/case108/case108_day0/case108_day0_image.nii.gz,/Users/elizabethnemeti/Desktop/uwdatapreprocessing/output/train/case108/case108_day0/case108_day0_mask.nii.gz,/Users/elizabethnemeti/Desktop/uwdatapreprocessing/output/train/case108/case108_day0/case108_day0_mask_multiclass.nii.gz
case108_day10,2,/Users/elizabethnemeti/Desktop/uwdatapreprocessing/output/train/case108/case108_day10/case108_day10_image.nii.gz,/Users/elizabethnemeti/Desktop/uwdatapreprocessing/output/train/case108/case108_day10/case108_day10_mask.nii.gz,/Users/elizabethnemeti/Desktop/uwdatapreprocessing/output/train/case108/case108_day10/case108_day10_mask_multiclass.nii.gz
case108_day13,2,/Users/elizabethnemeti/Desktop/uwdatapreprocessing/output/train/case108/case108_day13/case108_day13_image.nii.gz,/Users/elizabethnemeti/Desktop/uwdatapreprocessing/output/train/case108/case108_day13/case108_day13_mask.nii.gz,/Users/elizabethnemeti/Desktop/uwdatapreprocessing/output/train/case108/case108_day13/case108_day13_mask_multiclass.nii.gz
case11_day0,4,/Users/elizabethnemeti/Desktop/uwdatapreprocessing/output/train/case11/case11_day0/case11_day0_image.nii.gz,/Users/elizabethnemeti/Desktop/uwdatapreprocessing/output/train/case11/case11_day0/case11_day0_mask.nii.gz,/Users/elizabethnemeti/Desktop/uwdatapreprocessing/output/train/case11/case11_day0/case11_day0_mask_multiclass.nii.gz
case11_day12,4,/Users/elizabethnemeti/Desktop/uwdatapreprocessing/output/train/case11/case11_day12/case11_day12_image.nii.gz,/Users/elizabethnemeti/Desktop/uwdatapreprocessing/output/train/case11/case11_day12/case11_day12_mask.nii.gz,/Users/elizabethnemeti/Desktop/uwdatapreprocessing/output/train/case11/case11_day12/case11_day12_mask_multiclass.nii.gz
case11_day13,4,/Users/elizabethnemeti/Desktop/uwdatapreprocessing/output/train/case11/case11_day13/case11_day13_image.nii.gz,/Users/elizabethnemeti/Desktop/uwdatapreprocessing/output/train/case11/case11_day13/case11_day13_mask.nii.gz,/Users/elizabethnemeti/Desktop/uwdatapreprocessing/output/train/case11/case11_day13/case11_day13_mask_multiclass.nii.gz
case110_day12,3,/Users/elizabethnemeti/Desktop/uwdatapreprocessing/output/train/case110/case110_day12/case110_day12_image.nii.gz,/Users/elizabethnemeti/Desktop/uwdatapreprocessing/output/train/case110/case110_day12/case110_day12_mask.nii.gz,/Users/elizabethnemeti/Desktop/uwdatapreprocessing/output/train/case110/case110_day12/case110_day12_mask_multiclass.nii.gz
case110_day16,3,/Users/elizabethnemeti/Desktop/uwdatapreprocessing/output/train/case110/case110_day16/case110_day16_image.nii.gz,/Users/elizabethnemeti/Desktop/uwdatapreprocessing/output/train/case110/case110_day16/case110_day16_mask.nii.gz,/Users/elizabethnemeti/Desktop/uwdatapreprocessing/output/train/case110/case110_day16/case110_day16_mask_multiclass.nii.gz
case111_day0,3,/Users/elizabethnemeti/Desktop/uwdatapreprocessing/output/train/case111/case111_day0/case111_day0_image.nii.gz,/Users/elizabethnemeti/Desktop/uwdatapreprocessing/output/train/case111/case111_day0/case111_day0_mask.nii.gz,/Users/elizabethnemeti/Desktop/uwdatapreprocessing/output/train/case111/case111_day0/case111_day0_mask_multiclass.nii.gz
case111_day19,3,/Users/elizabethnemeti/Desktop/uwdatapreprocessing/output/train/case111/case111_day19/case111_day19_image.nii.gz,/Users/elizabethnemeti/Desktop/uwdatapreprocessing/output/train/case111/case111_day19/case111_day19_mask.nii.gz,/Users/elizabethnemeti/Desktop/uwdatapreprocessing/output/train/case111/case111_day19/case111_day19_mask_multiclass.nii.gz
case113_day0,1,/Users/elizabethnemeti/Desktop/uwdatapreprocessing/output/train/case113/case113_day0/case113_day0_image.nii.gz,/Users/elizabethnemeti/Desktop/uwdatapreprocessing/output/train/case113/case113_day0/case113_day0_mask.nii.gz,/Users/elizabethnemeti/Desktop/uwdatapreprocessing/output/train/case113/case113_day0/case113_day0_mask_multiclass.nii.gz
case113_day12,1,/Users/elizabethnemeti/Desktop/uwdatapreprocessing/output/train/case113/case113_day12/case113_day12_image.nii.gz,/Users/elizabethnemeti/Desktop/uwdatapreprocessing/output/train/case113/case113_day12/case113_day12_mask.nii.gz,/Users/elizabethnemeti/Desktop/uwdatapreprocessing/output/train/case113/case113_day12/case113_day12_mask_multiclass.nii.gz
case113_day16,1,/Users/elizabethnemeti/Desktop/uwdatapreprocessing/output/train/case113/case113_day16/case113_day16_image.nii.gz,/Users/elizabethnemeti/Desktop/uwdatapreprocessing/output/train/case113/case113_day16/case113_day16_mask.nii.gz,/Users/elizabethnemeti/Desktop/uwdatapreprocessing/output/train/case113/case113_day16/case113_day16_mask_multiclass.nii.gz
case113_day19,1,/Users/elizabethnemeti/Desktop/uwdatapreprocessing/output/train/case113/case113_day19/case113_day19_image.nii.gz,/Users/elizabethnemeti/Desktop/uwdatapreprocessing/output/train/case113/case113_day19/case113_day19_mask.nii.gz,/Users/elizabethnemeti/Desktop/uwdatapreprocessing/output/train/case113/case113_day19/case113_day19_mask_multiclass.nii.gz
case113_day22,1,/Users/elizabethnemeti/Desktop/uwdatapreprocessing/output/train/case113/case113_day22/case113_day22_image.nii.gz,/Users/elizabethnemeti/Desktop/uwdatapreprocessing/output/train/case113/case113_day22/case113_day22_mask.nii.gz,/Users/elizabethnemeti/Desktop/uwdatapreprocessing/output/train/case113/case113_day22/case113_day22_mask_multiclass.nii.gz
case114_day0,1,/Users/elizabethnemeti/Desktop/uwdatapreprocessing/output/train/case114/case114_day0/case114_day0_image.nii.gz,/Users/elizabethnemeti/Desktop/uwdatapreprocessing/output/train/case114/case114_day0/case114_day0_mask.nii.gz,/Users/elizabethnemeti/Desktop/uwdatapreprocessing/output/train/case114/case114_day0/case114_day0_mask_multiclass.nii.gz
case114_day15,1,/Users/elizabethnemeti/Desktop/uwdatapreprocessing/output/train/case114/case114_day15/case114_day15_image.nii.gz,/Users/elizabethnemeti/Desktop/uwdatapreprocessing/output/train/case114/case114_day15/case114_day15_mask.nii.gz,/Users/elizabethnemeti/Desktop/uwdatapreprocessing/output/train/case114/case114_day15/case114_day15_mask_multiclass.nii.gz
case114_day17,1,/Users/elizabethnemeti/Desktop/uwdatapreprocessing/output/train/case114/case114_day17/case114_day17_image.nii.gz,/Users/elizabethnemeti/Desktop/uwdatapreprocessing/output/train/case114/case114_day17/case114_day17_mask.nii.gz,/Users/elizabethnemeti/Desktop/uwdatapreprocessing/output/train/case114/case114_day17/case114_day17_mask_multiclass.nii.gz
case115_day0,2,/Users/elizabethnemeti/Desktop/uwdatapreprocessing/output/train/case115/case115_day0/case115_day0_image.nii.gz,/Users/elizabethnemeti/Desktop/uwdatapreprocessing/output/train/case115/case115_day0/case115_day0_mask.nii.gz,/Users/elizabethnemeti/Desktop/uwdatapreprocessing/output/train/case115/case115_day0/case115_day0_mask_multiclass.nii.gz
case116_day0,2,/Users/elizabethnemeti/Desktop/uwdatapreprocessing/output/train/case116/case116_day0/case116_day0_image.nii.gz,/Users/elizabethnemeti/Desktop/uwdatapreprocessing/output/train/case116/case116_day0/case116_day0_mask.nii.gz,/Users/elizabethnemeti/Desktop/uwdatapreprocessing/output/train/case116/case116_day0/case116_day0_mask_multiclass.nii.gz
case117_day0,0,/Users/elizabethnemeti/Desktop/uwdatapreprocessing/output/train/case117/case117_day0/case117_day0_image.nii.gz,/Users/elizabethnemeti/Desktop/uwdatapreprocessing/output/train/case117/case117_day0/case117_day0_mask.nii.gz,/Users/elizabethnemeti/Desktop/uwdatapreprocessing/output/train/case117/case117_day0/case117_day0_mask_multiclass.nii.gz
case117_day13,0,/Users/elizabethnemeti/Desktop/uwdatapreprocessing/output/train/case117/case117_day13/case117_day13_image.nii.gz,/Users/elizabethnemeti/Desktop/uwdatapreprocessing/output/train/case117/case117_day13/case117_day13_mask.nii.gz,/Users/elizabethnemeti/Desktop/uwdatapreprocessing/output/train/case117/case117_day13/case117_day13_mask_multiclass.nii.gz
case117_day15,0,/Users/elizabethnemeti/Desktop/uwdatapreprocessing/output/train/case117/case117_day15/case117_day15_image.nii.gz,/Users/elizabethnemeti/Desktop/uwdatapreprocessing/output/train/case117/case117_day15/case117_day15_mask.nii.gz,/Users/elizabethnemeti/Desktop/uwdatapreprocessing/output/train/case117/case117_day15/case117_day15_mask_multiclass.nii.gz
case117_day16,0,/Users/elizabethnemeti/Desktop/uwdatapreprocessing/output/train/case117/case117_day16/case117_day16_image.nii.gz,/Users/elizabethnemeti/Desktop/uwdatapreprocessing/output/train/case117/case117_day16/case117_day16_mask.nii.gz,/Users/elizabethnemeti/Desktop/uwdatapreprocessing/output/train/case117/case117_day16/case117_day16_mask_multiclass.nii.gz
case117_day17,0,/Users/elizabethnemeti/Desktop/uwdatapreprocessing/output/train/case117/case117_day17/case117_day17_image.nii.gz,/Users/elizabethnemeti/Desktop/uwdatapreprocessing/output/train/case117/case117_day17/case117_day17_mask.nii.gz,/Users/elizabethnemeti/Desktop/uwdatapreprocessing/output/train/case117/case117_day17/case117_day17_mask_multiclass.nii.gz
case118_day0,1,/Users/elizabethnemeti/Desktop/uwdatapreprocessing/output/train/case118/case118_day0/case118_day0_image.nii.gz,/Users/elizabethnemeti/Desktop/uwdatapreprocessing/output/train/case118/case118_day0/case118_day0_mask.nii.gz,/Users/elizabethnemeti/Desktop/uwdatapreprocessing/output/train/case118/case118_day0/case118_day0_mask_multiclass.nii.gz
case118_day14,1,/Users/elizabethnemeti/Desktop/uwdatapreprocessing/output/train/case118/case118_day14/case118_day14_image.nii.gz,/Users/elizabethnemeti/Desktop/uwdatapreprocessing/output/train/case118/case118_day14/case118_day14_mask.nii.gz,/Users/elizabethnemeti/Desktop/uwdatapreprocessing/output/train/case118/case118_day14/case118_day14_mask_multiclass.nii.gz
case118_day16,1,/Users/elizabethnemeti/Desktop/uwdatapreprocessing/output/train/case118/case118_day16/case118_day16_image.nii.gz,/Users/elizabethnemeti/Desktop/uwdatapreprocessing/output/train/case118/case118_day16/case118_day16_mask.nii.gz,/Users/elizabethnemeti/Desktop/uwdatapreprocessing/output/train/case118/case118_day16/case118_day16_mask_multiclass.nii.gz
case119_day0,2,/Users/elizabethnemeti/Desktop/uwdatapreprocessing/output/train/case119/case119_day0/case119_day0_image.nii.gz,/Users/elizabethnemeti/Desktop/uwdatapreprocessing/output/train/case119/case119_day0/case119_day0_mask.nii.gz,/Users/elizabethnemeti/Desktop/uwdatapreprocessing/output/train/case119/case119_day0/case119_day0_mask_multiclass.nii.gz
case119_day19,2,/Users/elizabethnemeti/Desktop/uwdatapreprocessing/output/train/case119/case119_day19/case119_day19_image.nii.gz,/Users/elizabethnemeti/Desktop/uwdatapreprocessing/output/train/case119/case119_day19/case119_day19_mask.nii.gz,/Users/elizabethnemeti/Desktop/uwdatapreprocessing/output/train/case119/case119_day19/case119_day19_mask_multiclass.nii.gz
case119_day20,2,/Users/elizabethnemeti/Desktop/uwdatapreprocessing/output/train/case119/case119_day20/case119_day20_image.nii.gz,/Users/elizabethnemeti/Desktop/uwdatapreprocessing/output/train/case119/case119_day20/case119_day20_mask.nii.gz,/Users/elizabethnemeti/Desktop/uwdatapreprocessing/output/train/case119/case119_day20/case119_day20_mask_multiclass.nii.gz
case119_day21,2,/Users/elizabethnemeti/Desktop/uwdatapreprocessing/output/train/case119/case119_day21/case119_day21_image.nii.gz,/Users/elizabethnemeti/Desktop/uwdatapreprocessing/output/train/case119/case119_day21/case119_day21_mask.nii.gz,/Users/elizabethnemeti/Desktop/uwdatapreprocessing/output/train/case119/case119_day21/case119_day21_mask_multiclass.nii.gz
case119_day25,2,/Users/elizabethnemeti/Desktop/uwdatapreprocessing/output/train/case119/case119_day25/case119_day25_image.nii.gz,/Users/elizabethnemeti/Desktop/uwdatapreprocessing/output/train/case119/case119_day25/case119_day25_mask.nii.gz,/Users/elizabethnemeti/Desktop/uwdatapreprocessing/output/train/case119/case119_day25/case119_day25_mask_multiclass.nii.gz
case121_day0,3,/Users/elizabethnemeti/Desktop/uwdatapreprocessing/output/train/case121/case121_day0/case121_day0_image.nii.gz,/Users/elizabethnemeti/Desktop/uwdatapreprocessing/output/train/case121/case121_day0/case121_day0_mask.nii.gz,/Users/elizabethnemeti/Desktop/uwdatapreprocessing/output/train/case121/case121_day0/case121_day0_mask_multiclass.nii.gz
case121_day14,3,/Users/elizabethnemeti/Desktop/uwdatapreprocessing/output/train/case121/case121_day14/case121_day14_image.nii.gz,/Users/elizabethnemeti/Desktop/uwdatapreprocessing/output/train/case121/case121_day14/case121_day14_mask.nii.gz,/Users/elizabethnemeti/Desktop/uwdatapreprocessing/output/train/case121/case121_day14/case121_day14_mask_multiclass.nii.gz
case121_day16,3,/Users/elizabethnemeti/Desktop/uwdatapreprocessing/output/train/case121/case121_day16/case121_day16_image.nii.gz,/Users/elizabethnemeti/Desktop/uwdatapreprocessing/output/train/case121/case121_day16/case121_day16_mask.nii.gz,/Users/elizabethnemeti/Desktop/uwdatapreprocessing/output/train/case121/case121_day16/case121_day16_mask_multiclass.nii.gz
case122_day0,1,/Users/elizabethnemeti/Desktop/uwdatapreprocessing/output/train/case122/case122_day0/case122_day0_image.nii.gz,/Users/elizabethnemeti/Desktop/uwdatapreprocessing/output/train/case122/case122_day0/case122_day0_mask.nii.gz,/Users/elizabethnemeti/Desktop/uwdatapreprocessing/output/train/case122/case122_day0/case122_day0_mask_multiclass.nii.gz
case122_day18,1,/Users/elizabethnemeti/Desktop/uwdatapreprocessing/output/train/case122/case122_day18/case122_day18_image.nii.gz,/Users/elizabethnemeti/Desktop/uwdatapreprocessing/output/train/case122/case122_day18/case122_day18_mask.nii.gz,/Users/elizabethnemeti/Desktop/uwdatapreprocessing/output/train/case122/case122_day18/case122_day18_mask_multiclass.nii.gz
case122_day24,1,/Users/elizabethnemeti/Desktop/uwdatapreprocessing/output/train/case122/case122_day24/case122_day24_image.nii.gz,/Users/elizabethnemeti/Desktop/uwdatapreprocessing/output/train/case122/case122_day24/case122_day24_mask.nii.gz,/Users/elizabethnemeti/Desktop/uwdatapreprocessing/output/train/case122/case122_day24/case122_day24_mask_multiclass.nii.gz
case122_day25,1,/Users/elizabethnemeti/Desktop/uwdatapreprocessing/output/train/case122/case122_day25/case122_day25_image.nii.gz,/Users/elizabethnemeti/Desktop/uwdatapreprocessing/output/train/case122/case122_day25/case122_day25_mask.nii.gz,/Users/elizabethnemeti/Desktop/uwdatapreprocessing/output/train/case122/case122_day25/case122_day25_mask_multiclass.nii.gz
case122_day27,1,/Users/elizabethnemeti/Desktop/uwdatapreprocessing/output/train/case122/case122_day27/case122_day27_image.nii.gz,/Users/elizabethnemeti/Desktop/uwdatapreprocessing/output/train/case122/case122_day27/case122_day27_mask.nii.gz,/Users/elizabethnemeti/Desktop/uwdatapreprocessing/output/train/case122/case122_day27/case122_day27_mask_multiclass.nii.gz
case123_day0,3,/Users/elizabethnemeti/Desktop/uwdatapreprocessing/output/train/case123/case123_day0/case123_day0_image.nii.gz,/Users/elizabethnemeti/Desktop/uwdatapreprocessing/output/train/case123/case123_day0/case123_day0_mask.nii.gz,/Users/elizabethnemeti/Desktop/uwdatapreprocessing/output/train/case123/case123_day0/case123_day0_mask_multiclass.nii.gz
case123_day20,3,/Users/elizabethnemeti/Desktop/uwdatapreprocessing/output/train/case123/case123_day20/case123_day20_image.nii.gz,/Users/elizabethnemeti/Desktop/uwdatapreprocessing/output/train/case123/case123_day20/case123_day20_mask.nii.gz,/Users/elizabethnemeti/Desktop/uwdatapreprocessing/output/train/case123/case123_day20/case123_day20_mask_multiclass.nii.gz
case123_day22,3,/Users/elizabethnemeti/Desktop/uwdatapreprocessing/output/train/case123/case123_day22/case123_day22_image.nii.gz,/Users/elizabethnemeti/Desktop/uwdatapreprocessing/output/train/case123/case123_day22/case123_day22_mask.nii.gz,/Users/elizabethnemeti/Desktop/uwdatapreprocessing/output/train/case123/case123_day22/case123_day22_mask_multiclass.nii.gz
case124_day0,4,/Users/elizabethnemeti/Desktop/uwdatapreprocessing/output/train/case124/case124_day0/case124_day0_image.nii.gz,/Users/elizabethnemeti/Desktop/uwdatapreprocessing/output/train/case124/case124_day0/case124_day0_mask.nii.gz,/Users/elizabethnemeti/Desktop/uwdatapreprocessing/output/train/case124/case124_day0/case124_day0_mask_multiclass.nii.gz
case124_day19,4,/Users/elizabethnemeti/Desktop/uwdatapreprocessing/output/train/case124/case124_day19/case124_day19_image.nii.gz,/Users/elizabethnemeti/Desktop/uwdatapreprocessing/output/train/case124/case124_day19/case124_day19_mask.nii.gz,/Users/elizabethnemeti/Desktop/uwdatapreprocessing/output/train/case124/case124_day19/case124_day19_mask_multiclass.nii.gz
case124_day20,4,/Users/elizabethnemeti/Desktop/uwdatapreprocessing/output/train/case124/case124_day20/case124_day20_image.nii.gz,/Users/elizabethnemeti/Desktop/uwdatapreprocessing/output/train/case124/case124_day20/case124_day20_mask.nii.gz,/Users/elizabethnemeti/Desktop/uwdatapreprocessing/output/train/case124/case124_day20/case124_day20_mask_multiclass.nii.gz
case125_day0,3,/Users/elizabethnemeti/Desktop/uwdatapreprocessing/output/train/case125/case125_day0/case125_day0_image.nii.gz,/Users/elizabethnemeti/Desktop/uwdatapreprocessing/output/train/case125/case125_day0/case125_day0_mask.nii.gz,/Users/elizabethnemeti/Desktop/uwdatapreprocessing/output/train/case125/case125_day0/case125_day0_mask_multiclass.nii.gz
case125_day15,3,/Users/elizabethnemeti/Desktop/uwdatapreprocessing/output/train/case125/case125_day15/case125_day15_image.nii.gz,/Users/elizabethnemeti/Desktop/uwdatapreprocessing/output/train/case125/case125_day15/case125_day15_mask.nii.gz,/Users/elizabethnemeti/Desktop/uwdatapreprocessing/output/train/case125/case125_day15/case125_day15_mask_multiclass.nii.gz
case125_day16,3,/Users/elizabethnemeti/Desktop/uwdatapreprocessing/output/train/case125/case125_day16/case125_day16_image.nii.gz,/Users/elizabethnemeti/Desktop/uwdatapreprocessing/output/train/case125/case125_day16/case125_day16_mask.nii.gz,/Users/elizabethnemeti/Desktop/uwdatapreprocessing/output/train/case125/case125_day16/case125_day16_mask_multiclass.nii.gz
case129_day0,3,/Users/elizabethnemeti/Desktop/uwdatapreprocessing/output/train/case129/case129_day0/case129_day0_image.nii.gz,/Users/elizabethnemeti/Desktop/uwdatapreprocessing/output/train/case129/case129_day0/case129_day0_mask.nii.gz,/Users/elizabethnemeti/Desktop/uwdatapreprocessing/output/train/case129/case129_day0/case129_day0_mask_multiclass.nii.gz
case129_day20,3,/Users/elizabethnemeti/Desktop/uwdatapreprocessing/output/train/case129/case129_day20/case129_day20_image.nii.gz,/Users/elizabethnemeti/Desktop/uwdatapreprocessing/output/train/case129/case129_day20/case129_day20_mask.nii.gz,/Users/elizabethnemeti/Desktop/uwdatapreprocessing/output/train/case129/case129_day20/case129_day20_mask_multiclass.nii.gz
case129_day22,3,/Users/elizabethnemeti/Desktop/uwdatapreprocessing/output/train/case129/case129_day22/case129_day22_image.nii.gz,/Users/elizabethnemeti/Desktop/uwdatapreprocessing/output/train/case129/case129_day22/case129_day22_mask.nii.gz,/Users/elizabethnemeti/Desktop/uwdatapreprocessing/output/train/case129/case129_day22/case129_day22_mask_multiclass.nii.gz
case129_day24,3,/Users/elizabethnemeti/Desktop/uwdatapreprocessing/output/train/case129/case129_day24/case129_day24_image.nii.gz,/Users/elizabethnemeti/Desktop/uwdatapreprocessing/output/train/case129/case129_day24/case129_day24_mask.nii.gz,/Users/elizabethnemeti/Desktop/uwdatapreprocessing/output/train/case129/case129_day24/case129_day24_mask_multiclass.nii.gz
case129_day27,3,/Users/elizabethnemeti/Desktop/uwdatapreprocessing/output/train/case129/case129_day27/case129_day27_image.nii.gz,/Users/elizabethnemeti/Desktop/uwdatapreprocessing/output/train/case129/case129_day27/case129_day27_mask.nii.gz,/Users/elizabethnemeti/Desktop/uwdatapreprocessing/output/train/case129/case129_day27/case129_day27_mask_multiclass.nii.gz
case130_day0,4,/Users/elizabethnemeti/Desktop/uwdatapreprocessing/output/train/case130/case130_day0/case130_day0_image.nii.gz,/Users/elizabethnemeti/Desktop/uwdatapreprocessing/output/train/case130/case130_day0/case130_day0_mask.nii.gz,/Users/elizabethnemeti/Desktop/uwdatapreprocessing/output/train/case130/case130_day0/case130_day0_mask_multiclass.nii.gz
case130_day20,4,/Users/elizabethnemeti/Desktop/uwdatapreprocessing/output/train/case130/case130_day20/case130_day20_image.nii.gz,/Users/elizabethnemeti/Desktop/uwdatapreprocessing/output/train/case130/case130_day20/case130_day20_mask.nii.gz,/Users/elizabethnemeti/Desktop/uwdatapreprocessing/output/train/case130/case130_day20/case130_day20_mask_multiclass.nii.gz
case130_day22,4,/Users/elizabethnemeti/Desktop/uwdatapreprocessing/output/train/case130/case130_day22/case130_day22_image.nii.gz,/Users/elizabethnemeti/Desktop/uwdatapreprocessing/output/train/case130/case130_day22/case130_day22_mask.nii.gz,/Users/elizabethnemeti/Desktop/uwdatapreprocessing/output/train/case130/case130_day22/case130_day22_mask_multiclass.nii.gz
case131_day0,3,/Users/elizabethnemeti/Desktop/uwdatapreprocessing/output/train/case131/case131_day0/case131_day0_image.nii.gz,/Users/elizabethnemeti/Desktop/uwdatapreprocessing/output/train/case131/case131_day0/case131_day0_mask.nii.gz,/Users/elizabethnemeti/Desktop/uwdatapreprocessing/output/train/case131/case131_day0/case131_day0_mask_multiclass.nii.gz
case131_day15,3,/Users/elizabethnemeti/Desktop/uwdatapreprocessing/output/train/case131/case131_day15/case131_day15_image.nii.gz,/Users/elizabethnemeti/Desktop/uwdatapreprocessing/output/train/case131/case131_day15/case131_day15_mask.nii.gz,/Users/elizabethnemeti/Desktop/uwdatapreprocessing/output/train/case131/case131_day15/case131_day15_mask_multiclass.nii.gz
case131_day19,3,/Users/elizabethnemeti/Desktop/uwdatapreprocessing/output/train/case131/case131_day19/case131_day19_image.nii.gz,/Users/elizabethnemeti/Desktop/uwdatapreprocessing/output/train/case131/case131_day19/case131_day19_mask.nii.gz,/Users/elizabethnemeti/Desktop/uwdatapreprocessing/output/train/case131/case131_day19/case131_day19_mask_multiclass.nii.gz
case131_day21,3,/Users/elizabethnemeti/Desktop/uwdatapreprocessing/output/train/case131/case131_day21/case131_day21_image.nii.gz,/Users/elizabethnemeti/Desktop/uwdatapreprocessing/output/train/case131/case131_day21/case131_day21_mask.nii.gz,/Users/elizabethnemeti/Desktop/uwdatapreprocessing/output/train/case131/case131_day21/case131_day21_mask_multiclass.nii.gz
case131_day23,3,/Users/elizabethnemeti/Desktop/uwdatapreprocessing/output/train/case131/case131_day23/case131_day23_image.nii.gz,/Users/elizabethnemeti/Desktop/uwdatapreprocessing/output/train/case131/case131_day23/case131_day23_mask.nii.gz,/Users/elizabethnemeti/Desktop/uwdatapreprocessing/output/train/case131/case131_day23/case131_day23_mask_multiclass.nii.gz
case133_day0,4,/Users/elizabethnemeti/Desktop/uwdatapreprocessing/output/train/case133/case133_day0/case133_day0_image.nii.gz,/Users/elizabethnemeti/Desktop/uwdatapreprocessing/output/train/case133/case133_day0/case133_day0_mask.nii.gz,/Users/elizabethnemeti/Desktop/uwdatapreprocessing/output/train/case133/case133_day0/case133_day0_mask_multiclass.nii.gz
case133_day23,4,/Users/elizabethnemeti/Desktop/uwdatapreprocessing/output/train/case133/case133_day23/case133_day23_image.nii.gz,/Users/elizabethnemeti/Desktop/uwdatapreprocessing/output/train/case133/case133_day23/case133_day23_mask.nii.gz,/Users/elizabethnemeti/Desktop/uwdatapreprocessing/output/train/case133/case133_day23/case133_day23_mask_multiclass.nii.gz
case133_day25,4,/Users/elizabethnemeti/Desktop/uwdatapreprocessing/output/train/case133/case133_day25/case133_day25_image.nii.gz,/Users/elizabethnemeti/Desktop/uwdatapreprocessing/output/train/case133/case133_day25/case133_day25_mask.nii.gz,/Users/elizabethnemeti/Desktop/uwdatapreprocessing/output/train/case133/case133_day25/case133_day25_mask_multiclass.nii.gz
case134_day0,4,/Users/elizabethnemeti/Desktop/uwdatapreprocessing/output/train/case134/case134_day0/case134_day0_image.nii.gz,/Users/elizabethnemeti/Desktop/uwdatapreprocessing/output/train/case134/case134_day0/case134_day0_mask.nii.gz,/Users/elizabethnemeti/Desktop/uwdatapreprocessing/output/train/case134/case134_day0/case134_day0_mask_multiclass.nii.gz
case134_day21,4,/Users/elizabethnemeti/Desktop/uwdatapreprocessing/output/train/case134/case134_day21/case134_day21_image.nii.gz,/Users/elizabethnemeti/Desktop/uwdatapreprocessing/output/train/case134/case134_day21/case134_day21_mask.nii.gz,/Users/elizabethnemeti/Desktop/uwdatapreprocessing/output/train/case134/case134_day21/case134_day21_mask_multiclass.nii.gz
case134_day22,4,/Users/elizabethnemeti/Desktop/uwdatapreprocessing/output/train/case134/case134_day22/case134_day22_image.nii.gz,/Users/elizabethnemeti/Desktop/uwdatapreprocessing/output/train/case134/case134_day22/case134_day22_mask.nii.gz,/Users/elizabethnemeti/Desktop/uwdatapreprocessing/output/train/case134/case134_day22/case134_day22_mask_multiclass.nii.gz
case135_day0,2,/Users/elizabethnemeti/Desktop/uwdatapreprocessing/output/train/case135/case135_day0/case135_day0_image.nii.gz,/Users/elizabethnemeti/Desktop/uwdatapreprocessing/output/train/case135/case135_day0/case135_day0_mask.nii.gz,/Users/elizabethnemeti/Desktop/uwdatapreprocessing/output/train/case135/case135_day0/case135_day0_mask_multiclass.nii.gz
case135_day17,2,/Users/elizabethnemeti/Desktop/uwdatapreprocessing/output/train/case135/case135_day17/case135_day17_image.nii.gz,/Users/elizabethnemeti/Desktop/uwdatapreprocessing/output/train/case135/case135_day17/case135_day17_mask.nii.gz,/Users/elizabethnemeti/Desktop/uwdatapreprocessing/output/train/case135/case135_day17/case135_day17_mask_multiclass.nii.gz
case136_day0,4,/Users/elizabethnemeti/Desktop/uwdatapreprocessing/output/train/case136/case136_day0/case136_day0_image.nii.gz,/Users/elizabethnemeti/Desktop/uwdatapreprocessing/output/train/case136/case136_day0/case136_day0_mask.nii.gz,/Users/elizabethnemeti/Desktop/uwdatapreprocessing/output/train/case136/case136_day0/case136_day0_mask_multiclass.nii.gz
case136_day25,4,/Users/elizabethnemeti/Desktop/uwdatapreprocessing/output/train/case136/case136_day25/case136_day25_image.nii.gz,/Users/elizabethnemeti/Desktop/uwdatapreprocessing/output/train/case136/case136_day25/case136_day25_mask.nii.gz,/Users/elizabethnemeti/Desktop/uwdatapreprocessing/output/train/case136/case136_day25/case136_day25_mask_multiclass.nii.gz
case136_day27,4,/Users/elizabethnemeti/Desktop/uwdatapreprocessing/output/train/case136/case136_day27/case136_day27_image.nii.gz,/Users/elizabethnemeti/Desktop/uwdatapreprocessing/output/train/case136/case136_day27/case136_day27_mask.nii.gz,/Users/elizabethnemeti/Desktop/uwdatapreprocessing/output/train/case136/case136_day27/case136_day27_mask_multiclass.nii.gz
case138_day0,0,/Users/elizabethnemeti/Desktop/uwdatapreprocessing/output/train/case138/case138_day0/case138_day0_image.nii.gz,/Users/elizabethnemeti/Desktop/uwdatapreprocessing/output/train/case138/case138_day0/case138_day0_mask.nii.gz,/Users/elizabethnemeti/Desktop/uwdatapreprocessing/output/train/case138/case138_day0/case138_day0_mask_multiclass.nii.gz
case138_day11,0,/Users/elizabethnemeti/Desktop/uwdatapreprocessing/output/train/case138/case138_day11/case138_day11_image.nii.gz,/Users/elizabethnemeti/Desktop/uwdatapreprocessing/output/train/case138/case138_day11/case138_day11_mask.nii.gz,/Users/elizabethnemeti/Desktop/uwdatapreprocessing/output/train/case138/case138_day11/case138_day11_mask_multiclass.nii.gz
case138_day12,0,/Users/elizabethnemeti/Desktop/uwdatapreprocessing/output/train/case138/case138_day12/case138_day12_image.nii.gz,/Users/elizabethnemeti/Desktop/uwdatapreprocessing/output/train/case138/case138_day12/case138_day12_mask.nii.gz,/Users/elizabethnemeti/Desktop/uwdatapreprocessing/output/train/case138/case138_day12/case138_day12_mask_multiclass.nii.gz
case139_day0,3,/Users/elizabethnemeti/Desktop/uwdatapreprocessing/output/train/case139/case139_day0/case139_day0_image.nii.gz,/Users/elizabethnemeti/Desktop/uwdatapreprocessing/output/train/case139/case139_day0/case139_day0_mask.nii.gz,/Users/elizabethnemeti/Desktop/uwdatapreprocessing/output/train/case139/case139_day0/case139_day0_mask_multiclass.nii.gz
case139_day14,3,/Users/elizabethnemeti/Desktop/uwdatapreprocessing/output/train/case139/case139_day14/case139_day14_image.nii.gz,/Users/elizabethnemeti/Desktop/uwdatapreprocessing/output/train/case139/case139_day14/case139_day14_mask.nii.gz,/Users/elizabethnemeti/Desktop/uwdatapreprocessing/output/train/case139/case139_day14/case139_day14_mask_multiclass.nii.gz
case139_day16,3,/Users/elizabethnemeti/Desktop/uwdatapreprocessing/output/train/case139/case139_day16/case139_day16_image.nii.gz,/Users/elizabethnemeti/Desktop/uwdatapreprocessing/output/train/case139/case139_day16/case139_day16_mask.nii.gz,/Users/elizabethnemeti/Desktop/uwdatapreprocessing/output/train/case139/case139_day16/case139_day16_mask_multiclass.nii.gz
case139_day18,3,/Users/elizabethnemeti/Desktop/uwdatapreprocessing/output/train/case139/case139_day18/case139_day18_image.nii.gz,/Users/elizabethnemeti/Desktop/uwdatapreprocessing/output/train/case139/case139_day18/case139_day18_mask.nii.gz,/Users/elizabethnemeti/Desktop/uwdatapreprocessing/output/train/case139/case139_day18/case139_day18_mask_multiclass.nii.gz
case140_day0,4,/Users/elizabethnemeti/Desktop/uwdatapreprocessing/output/train/case140/case140_day0/case140_day0_image.nii.gz,/Users/elizabethnemeti/Desktop/uwdatapreprocessing/output/train/case140/case140_day0/case140_day0_mask.nii.gz,/Users/elizabethnemeti/Desktop/uwdatapreprocessing/output/train/case140/case140_day0/case140_day0_mask_multiclass.nii.gz
case140_day10,4,/Users/elizabethnemeti/Desktop/uwdatapreprocessing/output/train/case140/case140_day10/case140_day10_image.nii.gz,/Users/elizabethnemeti/Desktop/uwdatapreprocessing/output/train/case140/case140_day10/case140_day10_mask.nii.gz,/Users/elizabethnemeti/Desktop/uwdatapreprocessing/output/train/case140/case140_day10/case140_day10_mask_multiclass.nii.gz
case141_day0,0,/Users/elizabethnemeti/Desktop/uwdatapreprocessing/output/train/case141/case141_day0/case141_day0_image.nii.gz,/Users/elizabethnemeti/Desktop/uwdatapreprocessing/output/train/case141/case141_day0/case141_day0_mask.nii.gz,/Users/elizabethnemeti/Desktop/uwdatapreprocessing/output/train/case141/case141_day0/case141_day0_mask_multiclass.nii.gz
case141_day13,0,/Users/elizabethnemeti/Desktop/uwdatapreprocessing/output/train/case141/case141_day13/case141_day13_image.nii.gz,/Users/elizabethnemeti/Desktop/uwdatapreprocessing/output/train/case141/case141_day13/case141_day13_mask.nii.gz,/Users/elizabethnemeti/Desktop/uwdatapreprocessing/output/train/case141/case141_day13/case141_day13_mask_multiclass.nii.gz
case141_day27,0,/Users/elizabethnemeti/Desktop/uwdatapreprocessing/output/train/case141/case141_day27/case141_day27_image.nii.gz,/Users/elizabethnemeti/Desktop/uwdatapreprocessing/output/train/case141/case141_day27/case141_day27_mask.nii.gz,/Users/elizabethnemeti/Desktop/uwdatapreprocessing/output/train/case141/case141_day27/case141_day27_mask_multiclass.nii.gz
case142_day0,0,/Users/elizabethnemeti/Desktop/uwdatapreprocessing/output/train/case142/case142_day0/case142_day0_image.nii.gz,/Users/elizabethnemeti/Desktop/uwdatapreprocessing/output/train/case142/case142_day0/case142_day0_mask.nii.gz,/Users/elizabethnemeti/Desktop/uwdatapreprocessing/output/train/case142/case142_day0/case142_day0_mask_multiclass.nii.gz
case142_day14,0,/Users/elizabethnemeti/Desktop/uwdatapreprocessing/output/train/case142/case142_day14/case142_day14_image.nii.gz,/Users/elizabethnemeti/Desktop/uwdatapreprocessing/output/train/case142/case142_day14/case142_day14_mask.nii.gz,/Users/elizabethnemeti/Desktop/uwdatapreprocessing/output/train/case142/case142_day14/case142_day14_mask_multiclass.nii.gz
case142_day16,0,/Users/elizabethnemeti/Desktop/uwdatapreprocessing/output/train/case142/case142_day16/case142_day16_image.nii.gz,/Users/elizabethnemeti/Desktop/uwdatapreprocessing/output/train/case142/case142_day16/case142_day16_mask.nii.gz,/Users/elizabethnemeti/Desktop/uwdatapreprocessing/output/train/case142/case142_day16/case142_day16_mask_multiclass.nii.gz
case143_day0,1,/Users/elizabethnemeti/Desktop/uwdatapreprocessing/output/train/case143/case143_day0/case143_day0_image.nii.gz,/Users/elizabethnemeti/Desktop/uwdatapreprocessing/output/train/case143/case143_day0/case143_day0_mask.nii.gz,/Users/elizabethnemeti/Desktop/uwdatapreprocessing/output/train/case143/case143_day0/case143_day0_mask_multiclass.nii.gz
case143_day18,1,/Users/elizabethnemeti/Desktop/uwdatapreprocessing/output/train/case143/case143_day18/case143_day18_image.nii.gz,/Users/elizabethnemeti/Desktop/uwdatapreprocessing/output/train/case143/case143_day18/case143_day18_mask.nii.gz,/Users/elizabethnemeti/Desktop/uwdatapreprocessing/output/train/case143/case143_day18/case143_day18_mask_multiclass.nii.gz
case143_day23,1,/Users/elizabethnemeti/Desktop/uwdatapreprocessing/output/train/case143/case143_day23/case143_day23_image.nii.gz,/Users/elizabethnemeti/Desktop/uwdatapreprocessing/output/train/case143/case143_day23/case143_day23_mask.nii.gz,/Users/elizabethnemeti/Desktop/uwdatapreprocessing/output/train/case143/case143_day23/case143_day23_mask_multiclass.nii.gz
case144_day0,3,/Users/elizabethnemeti/Desktop/uwdatapreprocessing/output/train/case144/case144_day0/case144_day0_image.nii.gz,/Users/elizabethnemeti/Desktop/uwdatapreprocessing/output/train/case144/case144_day0/case144_day0_mask.nii.gz,/Users/elizabethnemeti/Desktop/uwdatapreprocessing/output/train/case144/case144_day0/case144_day0_mask_multiclass.nii.gz
case144_day14,3,/Users/elizabethnemeti/Desktop/uwdatapreprocessing/output/train/case144/case144_day14/case144_day14_image.nii.gz,/Users/elizabethnemeti/Desktop/uwdatapreprocessing/output/train/case144/case144_day14/case144_day14_mask.nii.gz,/Users/elizabethnemeti/Desktop/uwdatapreprocessing/output/train/case144/case144_day14/case144_day14_mask_multiclass.nii.gz
case144_day15,3,/Users/elizabethnemeti/Desktop/uwdatapreprocessing/output/train/case144/case144_day15/case144_day15_image.nii.gz,/Users/elizabethnemeti/Desktop/uwdatapreprocessing/output/train/case144/case144_day15/case144_day15_mask.nii.gz,/Users/elizabethnemeti/Desktop/uwdatapreprocessing/output/train/case144/case144_day15/case144_day15_mask_multiclass.nii.gz
case145_day0,3,/Users/elizabethnemeti/Desktop/uwdatapreprocessing/output/train/case145/case145_day0/case145_day0_image.nii.gz,/Users/elizabethnemeti/Desktop/uwdatapreprocessing/output/train/case145/case145_day0/case145_day0_mask.nii.gz,/Users/elizabethnemeti/Desktop/uwdatapreprocessing/output/train/case145/case145_day0/case145_day0_mask_multiclass.nii.gz
case145_day19,3,/Users/elizabethnemeti/Desktop/uwdatapreprocessing/output/train/case145/case145_day19/case145_day19_image.nii.gz,/Users/elizabethnemeti/Desktop/uwdatapreprocessing/output/train/case145/case145_day19/case145_day19_mask.nii.gz,/Users/elizabethnemeti/Desktop/uwdatapreprocessing/output/train/case145/case145_day19/case145_day19_mask_multiclass.nii.gz
case145_day20,3,/Users/elizabethnemeti/Desktop/uwdatapreprocessing/output/train/case145/case145_day20/case145_day20_image.nii.gz,/Users/elizabethnemeti/Desktop/uwdatapreprocessing/output/train/case145/case145_day20/case145_day20_mask.nii.gz,/Users/elizabethnemeti/Desktop/uwdatapreprocessing/output/train/case145/case145_day20/case145_day20_mask_multiclass.nii.gz
case146_day0,0,/Users/elizabethnemeti/Desktop/uwdatapreprocessing/output/train/case146/case146_day0/case146_day0_image.nii.gz,/Users/elizabethnemeti/Desktop/uwdatapreprocessing/output/train/case146/case146_day0/case146_day0_mask.nii.gz,/Users/elizabethnemeti/Desktop/uwdatapreprocessing/output/train/case146/case146_day0/case146_day0_mask_multiclass.nii.gz
case146_day24,0,/Users/elizabethnemeti/Desktop/uwdatapreprocessing/output/train/case146/case146_day24/case146_day24_image.nii.gz,/Users/elizabethnemeti/Desktop/uwdatapreprocessing/output/train/case146/case146_day24/case146_day24_mask.nii.gz,/Users/elizabethnemeti/Desktop/uwdatapreprocessing/output/train/case146/case146_day24/case146_day24_mask_multiclass.nii.gz
case146_day25,0,/Users/elizabethnemeti/Desktop/uwdatapreprocessing/output/train/case146/case146_day25/case146_day25_image.nii.gz,/Users/elizabethnemeti/Desktop/uwdatapreprocessing/output/train/case146/case146_day25/case146_day25_mask.nii.gz,/Users/elizabethnemeti/Desktop/uwdatapreprocessing/output/train/case146/case146_day25/case146_day25_mask_multiclass.nii.gz
case147_day0,2,/Users/elizabethnemeti/Desktop/uwdatapreprocessing/output/train/case147/case147_day0/case147_day0_image.nii.gz,/Users/elizabethnemeti/Desktop/uwdatapreprocessing/output/train/case147/case147_day0/case147_day0_mask.nii.gz,/Users/elizabethnemeti/Desktop/uwdatapreprocessing/output/train/case147/case147_day0/case147_day0_mask_multiclass.nii.gz
case147_day14,2,/Users/elizabethnemeti/Desktop/uwdatapreprocessing/output/train/case147/case147_day14/case147_day14_image.nii.gz,/Users/elizabethnemeti/Desktop/uwdatapreprocessing/output/train/case147/case147_day14/case147_day14_mask.nii.gz,/Users/elizabethnemeti/Desktop/uwdatapreprocessing/output/train/case147/case147_day14/case147_day14_mask_multiclass.nii.gz
case147_day18,2,/Users/elizabethnemeti/Desktop/uwdatapreprocessing/output/train/case147/case147_day18/case147_day18_image.nii.gz,/Users/elizabethnemeti/Desktop/uwdatapreprocessing/output/train/case147/case147_day18/case147_day18_mask.nii.gz,/Users/elizabethnemeti/Desktop/uwdatapreprocessing/output/train/case147/case147_day18/case147_day18_mask_multiclass.nii.gz
case147_day19,2,/Users/elizabethnemeti/Desktop/uwdatapreprocessing/output/train/case147/case147_day19/case147_day19_image.nii.gz,/Users/elizabethnemeti/Desktop/uwdatapreprocessing/output/train/case147/case147_day19/case147_day19_mask.nii.gz,/Users/elizabethnemeti/Desktop/uwdatapreprocessing/output/train/case147/case147_day19/case147_day19_mask_multiclass.nii.gz
case147_day20,2,/Users/elizabethnemeti/Desktop/uwdatapreprocessing/output/train/case147/case147_day20/case147_day20_image.nii.gz,/Users/elizabethnemeti/Desktop/uwdatapreprocessing/output/train/case147/case147_day20/case147_day20_mask.nii.gz,/Users/elizabethnemeti/Desktop/uwdatapreprocessing/output/train/case147/case147_day20/case147_day20_mask_multiclass.nii.gz
case148_day0,0,/Users/elizabethnemeti/Desktop/uwdatapreprocessing/output/train/case148/case148_day0/case148_day0_image.nii.gz,/Users/elizabethnemeti/Desktop/uwdatapreprocessing/output/train/case148/case148_day0/case148_day0_mask.nii.gz,/Users/elizabethnemeti/Desktop/uwdatapreprocessing/output/train/case148/case148_day0/case148_day0_mask_multiclass.nii.gz
case148_day20,0,/Users/elizabethnemeti/Desktop/uwdatapreprocessing/output/train/case148/case148_day20/case148_day20_image.nii.gz,/Users/elizabethnemeti/Desktop/uwdatapreprocessing/output/train/case148/case148_day20/case148_day20_mask.nii.gz,/Users/elizabethnemeti/Desktop/uwdatapreprocessing/output/train/case148/case148_day20/case148_day20_mask_multiclass.nii.gz
case149_day0,2,/Users/elizabethnemeti/Desktop/uwdatapreprocessing/output/train/case149/case149_day0/case149_day0_image.nii.gz,/Users/elizabethnemeti/Desktop/uwdatapreprocessing/output/train/case149/case149_day0/case149_day0_mask.nii.gz,/Users/elizabethnemeti/Desktop/uwdatapreprocessing/output/train/case149/case149_day0/case149_day0_mask_multiclass.nii.gz
case149_day12,2,/Users/elizabethnemeti/Desktop/uwdatapreprocessing/output/train/case149/case149_day12/case149_day12_image.nii.gz,/Users/elizabethnemeti/Desktop/uwdatapreprocessing/output/train/case149/case149_day12/case149_day12_mask.nii.gz,/Users/elizabethnemeti/Desktop/uwdatapreprocessing/output/train/case149/case149_day12/case149_day12_mask_multiclass.nii.gz
case149_day15,2,/Users/elizabethnemeti/Desktop/uwdatapreprocessing/output/train/case149/case149_day15/case149_day15_image.nii.gz,/Users/elizabethnemeti/Desktop/uwdatapreprocessing/output/train/case149/case149_day15/case149_day15_mask.nii.gz,/Users/elizabethnemeti/Desktop/uwdatapreprocessing/output/train/case149/case149_day15/case149_day15_mask_multiclass.nii.gz
case15_day0,1,/Users/elizabethnemeti/Desktop/uwdatapreprocessing/output/train/case15/case15_day0/case15_day0_image.nii.gz,/Users/elizabethnemeti/Desktop/uwdatapreprocessing/output/train/case15/case15_day0/case15_day0_mask.nii.gz,/Users/elizabethnemeti/Desktop/uwdatapreprocessing/output/train/case15/case15_day0/case15_day0_mask_multiclass.nii.gz
case15_day20,1,/Users/elizabethnemeti/Desktop/uwdatapreprocessing/output/train/case15/case15_day20/case15_day20_image.nii.gz,/Users/elizabethnemeti/Desktop/uwdatapreprocessing/output/train/case15/case15_day20/case15_day20_mask.nii.gz,/Users/elizabethnemeti/Desktop/uwdatapreprocessing/output/train/case15/case15_day20/case15_day20_mask_multiclass.nii.gz
case154_day0,2,/Users/elizabethnemeti/Desktop/uwdatapreprocessing/output/train/case154/case154_day0/case154_day0_image.nii.gz,/Users/elizabethnemeti/Desktop/uwdatapreprocessing/output/train/case154/case154_day0/case154_day0_mask.nii.gz,/Users/elizabethnemeti/Desktop/uwdatapreprocessing/output/train/case154/case154_day0/case154_day0_mask_multiclass.nii.gz
case154_day13,2,/Users/elizabethnemeti/Desktop/uwdatapreprocessing/output/train/case154/case154_day13/case154_day13_image.nii.gz,/Users/elizabethnemeti/Desktop/uwdatapreprocessing/output/train/case154/case154_day13/case154_day13_mask.nii.gz,/Users/elizabethnemeti/Desktop/uwdatapreprocessing/output/train/case154/case154_day13/case154_day13_mask_multiclass.nii.gz
case154_day14,2,/Users/elizabethnemeti/Desktop/uwdatapreprocessing/output/train/case154/case154_day14/case154_day14_image.nii.gz,/Users/elizabethnemeti/Desktop/uwdatapreprocessing/output/train/case154/case154_day14/case154_day14_mask.nii.gz,/Users/elizabethnemeti/Desktop/uwdatapreprocessing/output/train/case154/case154_day14/case154_day14_mask_multiclass.nii.gz
case154_day16,2,/Users/elizabethnemeti/Desktop/uwdatapreprocessing/output/train/case154/case154_day16/case154_day16_image.nii.gz,/Users/elizabethnemeti/Desktop/uwdatapreprocessing/output/train/case154/case154_day16/case154_day16_mask.nii.gz,/Users/elizabethnemeti/Desktop/uwdatapreprocessing/output/train/case154/case154_day16/case154_day16_mask_multiclass.nii.gz
case154_day17,2,/Users/elizabethnemeti/Desktop/uwdatapreprocessing/output/train/case154/case154_day17/case154_day17_image.nii.gz,/Users/elizabethnemeti/Desktop/uwdatapreprocessing/output/train/case154/case154_day17/case154_day17_mask.nii.gz,/Users/elizabethnemeti/Desktop/uwdatapreprocessing/output/train/case154/case154_day17/case154_day17_mask_multiclass.nii.gz
case156_day0,3,/Users/elizabethnemeti/Desktop/uwdatapreprocessing/output/train/case156/case156_day0/case156_day0_image.nii.gz,/Users/elizabethnemeti/Desktop/uwdatapreprocessing/output/train/case156/case156_day0/case156_day0_mask.nii.gz,/Users/elizabethnemeti/Desktop/uwdatapreprocessing/output/train/case156/case156_day0/case156_day0_mask_multiclass.nii.gz
case156_day10,3,/Users/elizabethnemeti/Desktop/uwdatapreprocessing/output/train/case156/case156_day10/case156_day10_image.nii.gz,/Users/elizabethnemeti/Desktop/uwdatapreprocessing/output/train/case156/case156_day10/case156_day10_mask.nii.gz,/Users/elizabethnemeti/Desktop/uwdatapreprocessing/output/train/case156/case156_day10/case156_day10_mask_multiclass.nii.gz
case156_day11,3,/Users/elizabethnemeti/Desktop/uwdatapreprocessing/output/train/case156/case156_day11/case156_day11_image.nii.gz,/Users/elizabethnemeti/Desktop/uwdatapreprocessing/output/train/case156/case156_day11/case156_day11_mask.nii.gz,/Users/elizabethnemeti/Desktop/uwdatapreprocessing/output/train/case156/case156_day11/case156_day11_mask_multiclass.nii.gz
case16_day0,2,/Users/elizabethnemeti/Desktop/uwdatapreprocessing/output/train/case16/case16_day0/case16_day0_image.nii.gz,/Users/elizabethnemeti/Desktop/uwdatapreprocessing/output/train/case16/case16_day0/case16_day0_mask.nii.gz,/Users/elizabethnemeti/Desktop/uwdatapreprocessing/output/train/case16/case16_day0/case16_day0_mask_multiclass.nii.gz
case18_day0,4,/Users/elizabethnemeti/Desktop/uwdatapreprocessing/output/train/case18/case18_day0/case18_day0_image.nii.gz,/Users/elizabethnemeti/Desktop/uwdatapreprocessing/output/train/case18/case18_day0/case18_day0_mask.nii.gz,/Users/elizabethnemeti/Desktop/uwdatapreprocessing/output/train/case18/case18_day0/case18_day0_mask_multiclass.nii.gz
case18_day17,4,/Users/elizabethnemeti/Desktop/uwdatapreprocessing/output/train/case18/case18_day17/case18_day17_image.nii.gz,/Users/elizabethnemeti/Desktop/uwdatapreprocessing/output/train/case18/case18_day17/case18_day17_mask.nii.gz,/Users/elizabethnemeti/Desktop/uwdatapreprocessing/output/train/case18/case18_day17/case18_day17_mask_multiclass.nii.gz
case18_day19,4,/Users/elizabethnemeti/Desktop/uwdatapreprocessing/output/train/case18/case18_day19/case18_day19_image.nii.gz,/Users/elizabethnemeti/Desktop/uwdatapreprocessing/output/train/case18/case18_day19/case18_day19_mask.nii.gz,/Users/elizabethnemeti/Desktop/uwdatapreprocessing/output/train/case18/case18_day19/case18_day19_mask_multiclass.nii.gz
case18_day21,4,/Users/elizabethnemeti/Desktop/uwdatapreprocessing/output/train/case18/case18_day21/case18_day21_image.nii.gz,/Users/elizabethnemeti/Desktop/uwdatapreprocessing/output/train/case18/case18_day21/case18_day21_mask.nii.gz,/Users/elizabethnemeti/Desktop/uwdatapreprocessing/output/train/case18/case18_day21/case18_day21_mask_multiclass.nii.gz
case18_day25,4,/Users/elizabethnemeti/Desktop/uwdatapreprocessing/output/train/case18/case18_day25/case18_day25_image.nii.gz,/Users/elizabethnemeti/Desktop/uwdatapreprocessing/output/train/case18/case18_day25/case18_day25_mask.nii.gz,/Users/elizabethnemeti/Desktop/uwdatapreprocessing/output/train/case18/case18_day25/case18_day25_mask_multiclass.nii.gz
case19_day0,4,/Users/elizabethnemeti/Desktop/uwdatapreprocessing/output/train/case19/case19_day0/case19_day0_image.nii.gz,/Users/elizabethnemeti/Desktop/uwdatapreprocessing/output/train/case19/case19_day0/case19_day0_mask.nii.gz,/Users/elizabethnemeti/Desktop/uwdatapreprocessing/output/train/case19/case19_day0/case19_day0_mask_multiclass.nii.gz
case19_day12,4,/Users/elizabethnemeti/Desktop/uwdatapreprocessing/output/train/case19/case19_day12/case19_day12_image.nii.gz,/Users/elizabethnemeti/Desktop/uwdatapreprocessing/output/train/case19/case19_day12/case19_day12_mask.nii.gz,/Users/elizabethnemeti/Desktop/uwdatapreprocessing/output/train/case19/case19_day12/case19_day12_mask_multiclass.nii.gz
case19_day14,4,/Users/elizabethnemeti/Desktop/uwdatapreprocessing/output/train/case19/case19_day14/case19_day14_image.nii.gz,/Users/elizabethnemeti/Desktop/uwdatapreprocessing/output/train/case19/case19_day14/case19_day14_mask.nii.gz,/Users/elizabethnemeti/Desktop/uwdatapreprocessing/output/train/case19/case19_day14/case19_day14_mask_multiclass.nii.gz
case19_day18,4,/Users/elizabethnemeti/Desktop/uwdatapreprocessing/output/train/case19/case19_day18/case19_day18_image.nii.gz,/Users/elizabethnemeti/Desktop/uwdatapreprocessing/output/train/case19/case19_day18/case19_day18_mask.nii.gz,/Users/elizabethnemeti/Desktop/uwdatapreprocessing/output/train/case19/case19_day18/case19_day18_mask_multiclass.nii.gz
case19_day22,4,/Users/elizabethnemeti/Desktop/uwdatapreprocessing/output/train/case19/case19_day22/case19_day22_image.nii.gz,/Users/elizabethnemeti/Desktop/uwdatapreprocessing/output/train/case19/case19_day22/case19_day22_mask.nii.gz,/Users/elizabethnemeti/Desktop/uwdatapreprocessing/output/train/case19/case19_day22/case19_day22_mask_multiclass.nii.gz
case2_day1,0,/Users/elizabethnemeti/Desktop/uwdatapreprocessing/output/train/case2/case2_day1/case2_day1_image.nii.gz,/Users/elizabethnemeti/Desktop/uwdatapreprocessing/output/train/case2/case2_day1/case2_day1_mask.nii.gz,/Users/elizabethnemeti/Desktop/uwdatapreprocessing/output/train/case2/case2_day1/case2_day1_mask_multiclass.nii.gz
case2_day2,0,/Users/elizabethnemeti/Desktop/uwdatapreprocessing/output/train/case2/case2_day2/case2_day2_image.nii.gz,/Users/elizabethnemeti/Desktop/uwdatapreprocessing/output/train/case2/case2_day2/case2_day2_mask.nii.gz,/Users/elizabethnemeti/Desktop/uwdatapreprocessing/output/train/case2/case2_day2/case2_day2_mask_multiclass.nii.gz
case2_day3,0,/Users/elizabethnemeti/Desktop/uwdatapreprocessing/output/train/case2/case2_day3/case2_day3_image.nii.gz,/Users/elizabethnemeti/Desktop/uwdatapreprocessing/output/train/case2/case2_day3/case2_day3_mask.nii.gz,/Users/elizabethnemeti/Desktop/uwdatapreprocessing/output/train/case2/case2_day3/case2_day3_mask_multiclass.nii.gz
case2_day4,0,/Users/elizabethnemeti/Desktop/uwdatapreprocessing/output/train/case2/case2_day4/case2_day4_image.nii.gz,/Users/elizabethnemeti/Desktop/uwdatapreprocessing/output/train/case2/case2_day4/case2_day4_mask.nii.gz,/Users/elizabethnemeti/Desktop/uwdatapreprocessing/output/train/case2/case2_day4/case2_day4_mask_multiclass.nii.gz
case2_day5,0,/Users/elizabethnemeti/Desktop/uwdatapreprocessing/output/train/case2/case2_day5/case2_day5_image.nii.gz,/Users/elizabethnemeti/Desktop/uwdatapreprocessing/output/train/case2/case2_day5/case2_day5_mask.nii.gz,/Users/elizabethnemeti/Desktop/uwdatapreprocessing/output/train/case2/case2_day5/case2_day5_mask_multiclass.nii.gz
case20_day0,1,/Users/elizabethnemeti/Desktop/uwdatapreprocessing/output/train/case20/case20_day0/case20_day0_image.nii.gz,/Users/elizabethnemeti/Desktop/uwdatapreprocessing/output/train/case20/case20_day0/case20_day0_mask.nii.gz,/Users/elizabethnemeti/Desktop/uwdatapreprocessing/output/train/case20/case20_day0/case20_day0_mask_multiclass.nii.gz
case20_day22,1,/Users/elizabethnemeti/Desktop/uwdatapreprocessing/output/train/case20/case20_day22/case20_day22_image.nii.gz,/Users/elizabethnemeti/Desktop/uwdatapreprocessing/output/train/case20/case20_day22/case20_day22_mask.nii.gz,/Users/elizabethnemeti/Desktop/uwdatapreprocessing/output/train/case20/case20_day22/case20_day22_mask_multiclass.nii.gz
case20_day24,1,/Users/elizabethnemeti/Desktop/uwdatapreprocessing/output/train/case20/case20_day24/case20_day24_image.nii.gz,/Users/elizabethnemeti/Desktop/uwdatapreprocessing/output/train/case20/case20_day24/case20_day24_mask.nii.gz,/Users/elizabethnemeti/Desktop/uwdatapreprocessing/output/train/case20/case20_day24/case20_day24_mask_multiclass.nii.gz
case22_day0,1,/Users/elizabethnemeti/Desktop/uwdatapreprocessing/output/train/case22/case22_day0/case22_day0_image.nii.gz,/Users/elizabethnemeti/Desktop/uwdatapreprocessing/output/train/case22/case22_day0/case22_day0_mask.nii.gz,/Users/elizabethnemeti/Desktop/uwdatapreprocessing/output/train/case22/case22_day0/case22_day0_mask_multiclass.nii.gz
case24_day0,4,/Users/elizabethnemeti/Desktop/uwdatapreprocessing/output/train/case24/case24_day0/case24_day0_image.nii.gz,/Users/elizabethnemeti/Desktop/uwdatapreprocessing/output/train/case24/case24_day0/case24_day0_mask.nii.gz,/Users/elizabethnemeti/Desktop/uwdatapreprocessing/output/train/case24/case24_day0/case24_day0_mask_multiclass.nii.gz
case24_day24,4,/Users/elizabethnemeti/Desktop/uwdatapreprocessing/output/train/case24/case24_day24/case24_day24_image.nii.gz,/Users/elizabethnemeti/Desktop/uwdatapreprocessing/output/train/case24/case24_day24/case24_day24_mask.nii.gz,/Users/elizabethnemeti/Desktop/uwdatapreprocessing/output/train/case24/case24_day24/case24_day24_mask_multiclass.nii.gz
case24_day25,4,/Users/elizabethnemeti/Desktop/uwdatapreprocessing/output/train/case24/case24_day25/case24_day25_image.nii.gz,/Users/elizabethnemeti/Desktop/uwdatapreprocessing/output/train/case24/case24_day25/case24_day25_mask.nii.gz,/Users/elizabethnemeti/Desktop/uwdatapreprocessing/output/train/case24/case24_day25/case24_day25_mask_multiclass.nii.gz
case29_day0,3,/Users/elizabethnemeti/Desktop/uwdatapreprocessing/output/train/case29/case29_day0/case29_day0_image.nii.gz,/Users/elizabethnemeti/Desktop/uwdatapreprocessing/output/train/case29/case29_day0/case29_day0_mask.nii.gz,/Users/elizabethnemeti/Desktop/uwdatapreprocessing/output/train/case29/case29_day0/case29_day0_mask_multiclass.nii.gz
case29_day13,3,/Users/elizabethnemeti/Desktop/uwdatapreprocessing/output/train/case29/case29_day13/case29_day13_image.nii.gz,/Users/elizabethnemeti/Desktop/uwdatapreprocessing/output/train/case29/case29_day13/case29_day13_mask.nii.gz,/Users/elizabethnemeti/Desktop/uwdatapreprocessing/output/train/case29/case29_day13/case29_day13_mask_multiclass.nii.gz
case29_day14,3,/Users/elizabethnemeti/Desktop/uwdatapreprocessing/output/train/case29/case29_day14/case29_day14_image.nii.gz,/Users/elizabethnemeti/Desktop/uwdatapreprocessing/output/train/case29/case29_day14/case29_day14_mask.nii.gz,/Users/elizabethnemeti/Desktop/uwdatapreprocessing/output/train/case29/case29_day14/case29_day14_mask_multiclass.nii.gz
case30_day0,0,/Users/elizabethnemeti/Desktop/uwdatapreprocessing/output/train/case30/case30_day0/case30_day0_image.nii.gz,/Users/elizabethnemeti/Desktop/uwdatapreprocessing/output/train/case30/case30_day0/case30_day0_mask.nii.gz,/Users/elizabethnemeti/Desktop/uwdatapreprocessing/output/train/case30/case30_day0/case30_day0_mask_multiclass.nii.gz
case30_day1,0,/Users/elizabethnemeti/Desktop/uwdatapreprocessing/output/train/case30/case30_day1/case30_day1_image.nii.gz,/Users/elizabethnemeti/Desktop/uwdatapreprocessing/output/train/case30/case30_day1/case30_day1_mask.nii.gz,/Users/elizabethnemeti/Desktop/uwdatapreprocessing/output/train/case30/case30_day1/case30_day1_mask_multiclass.nii.gz
case32_day0,2,/Users/elizabethnemeti/Desktop/uwdatapreprocessing/output/train/case32/case32_day0/case32_day0_image.nii.gz,/Users/elizabethnemeti/Desktop/uwdatapreprocessing/output/train/case32/case32_day0/case32_day0_mask.nii.gz,/Users/elizabethnemeti/Desktop/uwdatapreprocessing/output/train/case32/case32_day0/case32_day0_mask_multiclass.nii.gz
case32_day17,2,/Users/elizabethnemeti/Desktop/uwdatapreprocessing/output/train/case32/case32_day17/case32_day17_image.nii.gz,/Users/elizabethnemeti/Desktop/uwdatapreprocessing/output/train/case32/case32_day17/case32_day17_mask.nii.gz,/Users/elizabethnemeti/Desktop/uwdatapreprocessing/output/train/case32/case32_day17/case32_day17_mask_multiclass.nii.gz
case32_day18,2,/Users/elizabethnemeti/Desktop/uwdatapreprocessing/output/train/case32/case32_day18/case32_day18_image.nii.gz,/Users/elizabethnemeti/Desktop/uwdatapreprocessing/output/train/case32/case32_day18/case32_day18_mask.nii.gz,/Users/elizabethnemeti/Desktop/uwdatapreprocessing/output/train/case32/case32_day18/case32_day18_mask_multiclass.nii.gz
case32_day19,2,/Users/elizabethnemeti/Desktop/uwdatapreprocessing/output/train/case32/case32_day19/case32_day19_image.nii.gz,/Users/elizabethnemeti/Desktop/uwdatapreprocessing/output/train/case32/case32_day19/case32_day19_mask.nii.gz,/Users/elizabethnemeti/Desktop/uwdatapreprocessing/output/train/case32/case32_day19/case32_day19_mask_multiclass.nii.gz
case32_day20,2,/Users/elizabethnemeti/Desktop/uwdatapreprocessing/output/train/case32/case32_day20/case32_day20_image.nii.gz,/Users/elizabethnemeti/Desktop/uwdatapreprocessing/output/train/case32/case32_day20/case32_day20_mask.nii.gz,/Users/elizabethnemeti/Desktop/uwdatapreprocessing/output/train/case32/case32_day20/case32_day20_mask_multiclass.nii.gz
case33_day0,3,/Users/elizabethnemeti/Desktop/uwdatapreprocessing/output/train/case33/case33_day0/case33_day0_image.nii.gz,/Users/elizabethnemeti/Desktop/uwdatapreprocessing/output/train/case33/case33_day0/case33_day0_mask.nii.gz,/Users/elizabethnemeti/Desktop/uwdatapreprocessing/output/train/case33/case33_day0/case33_day0_mask_multiclass.nii.gz
case33_day21,3,/Users/elizabethnemeti/Desktop/uwdatapreprocessing/output/train/case33/case33_day21/case33_day21_image.nii.gz,/Users/elizabethnemeti/Desktop/uwdatapreprocessing/output/train/case33/case33_day21/case33_day21_mask.nii.gz,/Users/elizabethnemeti/Desktop/uwdatapreprocessing/output/train/case33/case33_day21/case33_day21_mask_multiclass.nii.gz
case34_day0,3,/Users/elizabethnemeti/Desktop/uwdatapreprocessing/output/train/case34/case34_day0/case34_day0_image.nii.gz,/Users/elizabethnemeti/Desktop/uwdatapreprocessing/output/train/case34/case34_day0/case34_day0_mask.nii.gz,/Users/elizabethnemeti/Desktop/uwdatapreprocessing/output/train/case34/case34_day0/case34_day0_mask_multiclass.nii.gz
case34_day15,3,/Users/elizabethnemeti/Desktop/uwdatapreprocessing/output/train/case34/case34_day15/case34_day15_image.nii.gz,/Users/elizabethnemeti/Desktop/uwdatapreprocessing/output/train/case34/case34_day15/case34_day15_mask.nii.gz,/Users/elizabethnemeti/Desktop/uwdatapreprocessing/output/train/case34/case34_day15/case34_day15_mask_multiclass.nii.gz
case34_day16,3,/Users/elizabethnemeti/Desktop/uwdatapreprocessing/output/train/case34/case34_day16/case34_day16_image.nii.gz,/Users/elizabethnemeti/Desktop/uwdatapreprocessing/output/train/case34/case34_day16/case34_day16_mask.nii.gz,/Users/elizabethnemeti/Desktop/uwdatapreprocessing/output/train/case34/case34_day16/case34_day16_mask_multiclass.nii.gz
case35_day0,1,/Users/elizabethnemeti/Desktop/uwdatapreprocessing/output/train/case35/case35_day0/case35_day0_image.nii.gz,/Users/elizabethnemeti/Desktop/uwdatapreprocessing/output/train/case35/case35_day0/case35_day0_mask.nii.gz,/Users/elizabethnemeti/Desktop/uwdatapreprocessing/output/train/case35/case35_day0/case35_day0_mask_multiclass.nii.gz
case35_day12,1,/Users/elizabethnemeti/Desktop/uwdatapreprocessing/output/train/case35/case35_day12/case35_day12_image.nii.gz,/Users/elizabethnemeti/Desktop/uwdatapreprocessing/output/train/case35/case35_day12/case35_day12_mask.nii.gz,/Users/elizabethnemeti/Desktop/uwdatapreprocessing/output/train/case35/case35_day12/case35_day12_mask_multiclass.nii.gz
case35_day13,1,/Users/elizabethnemeti/Desktop/uwdatapreprocessing/output/train/case35/case35_day13/case35_day13_image.nii.gz,/Users/elizabethnemeti/Desktop/uwdatapreprocessing/output/train/case35/case35_day13/case35_day13_mask.nii.gz,/Users/elizabethnemeti/Desktop/uwdatapreprocessing/output/train/case35/case35_day13/case35_day13_mask_multiclass.nii.gz
case35_day15,1,/Users/elizabethnemeti/Desktop/uwdatapreprocessing/output/train/case35/case35_day15/case35_day15_image.nii.gz,/Users/elizabethnemeti/Desktop/uwdatapreprocessing/output/train/case35/case35_day15/case35_day15_mask.nii.gz,/Users/elizabethnemeti/Desktop/uwdatapreprocessing/output/train/case35/case35_day15/case35_day15_mask_multiclass.nii.gz
case35_day18,1,/Users/elizabethnemeti/Desktop/uwdatapreprocessing/output/train/case35/case35_day18/case35_day18_image.nii.gz,/Users/elizabethnemeti/Desktop/uwdatapreprocessing/output/train/case35/case35_day18/case35_day18_mask.nii.gz,/Users/elizabethnemeti/Desktop/uwdatapreprocessing/output/train/case35/case35_day18/case35_day18_mask_multiclass.nii.gz
case36_day0,0,/Users/elizabethnemeti/Desktop/uwdatapreprocessing/output/train/case36/case36_day0/case36_day0_image.nii.gz,/Users/elizabethnemeti/Desktop/uwdatapreprocessing/output/train/case36/case36_day0/case36_day0_mask.nii.gz,/Users/elizabethnemeti/Desktop/uwdatapreprocessing/output/train/case36/case36_day0/case36_day0_mask_multiclass.nii.gz
case36_day10,0,/Users/elizabethnemeti/Desktop/uwdatapreprocessing/output/train/case36/case36_day10/case36_day10_image.nii.gz,/Users/elizabethnemeti/Desktop/uwdatapreprocessing/output/train/case36/case36_day10/case36_day10_mask.nii.gz,/Users/elizabethnemeti/Desktop/uwdatapreprocessing/output/train/case36/case36_day10/case36_day10_mask_multiclass.nii.gz
case36_day14,0,/Users/elizabethnemeti/Desktop/uwdatapreprocessing/output/train/case36/case36_day14/case36_day14_image.nii.gz,/Users/elizabethnemeti/Desktop/uwdatapreprocessing/output/train/case36/case36_day14/case36_day14_mask.nii.gz,/Users/elizabethnemeti/Desktop/uwdatapreprocessing/output/train/case36/case36_day14/case36_day14_mask_multiclass.nii.gz
case36_day16,0,/Users/elizabethnemeti/Desktop/uwdatapreprocessing/output/train/case36/case36_day16/case36_day16_image.nii.gz,/Users/elizabethnemeti/Desktop/uwdatapreprocessing/output/train/case36/case36_day16/case36_day16_mask.nii.gz,/Users/elizabethnemeti/Desktop/uwdatapreprocessing/output/train/case36/case36_day16/case36_day16_mask_multiclass.nii.gz
case36_day6,0,/Users/elizabethnemeti/Desktop/uwdatapreprocessing/output/train/case36/case36_day6/case36_day6_image.nii.gz,/Users/elizabethnemeti/Desktop/uwdatapreprocessing/output/train/case36/case36_day6/case36_day6_mask.nii.gz,/Users/elizabethnemeti/Desktop/uwdatapreprocessing/output/train/case36/case36_day6/case36_day6_mask_multiclass.nii.gz
case36_day8,0,/Users/elizabethnemeti/Desktop/uwdatapreprocessing/output/train/case36/case36_day8/case36_day8_image.nii.gz,/Users/elizabethnemeti/Desktop/uwdatapreprocessing/output/train/case36/case36_day8/case36_day8_mask.nii.gz,/Users/elizabethnemeti/Desktop/uwdatapreprocessing/output/train/case36/case36_day8/case36_day8_mask_multiclass.nii.gz
case40_day0,0,/Users/elizabethnemeti/Desktop/uwdatapreprocessing/output/train/case40/case40_day0/case40_day0_image.nii.gz,/Users/elizabethnemeti/Desktop/uwdatapreprocessing/output/train/case40/case40_day0/case40_day0_mask.nii.gz,/Users/elizabethnemeti/Desktop/uwdatapreprocessing/output/train/case40/case40_day0/case40_day0_mask_multiclass.nii.gz
case40_day16,0,/Users/elizabethnemeti/Desktop/uwdatapreprocessing/output/train/case40/case40_day16/case40_day16_image.nii.gz,/Users/elizabethnemeti/Desktop/uwdatapreprocessing/output/train/case40/case40_day16/case40_day16_mask.nii.gz,/Users/elizabethnemeti/Desktop/uwdatapreprocessing/output/train/case40/case40_day16/case40_day16_mask_multiclass.nii.gz
case40_day17,0,/Users/elizabethnemeti/Desktop/uwdatapreprocessing/output/train/case40/case40_day17/case40_day17_image.nii.gz,/Users/elizabethnemeti/Desktop/uwdatapreprocessing/output/train/case40/case40_day17/case40_day17_mask.nii.gz,/Users/elizabethnemeti/Desktop/uwdatapreprocessing/output/train/case40/case40_day17/case40_day17_mask_multiclass.nii.gz
case41_day0,2,/Users/elizabethnemeti/Desktop/uwdatapreprocessing/output/train/case41/case41_day0/case41_day0_image.nii.gz,/Users/elizabethnemeti/Desktop/uwdatapreprocessing/output/train/case41/case41_day0/case41_day0_mask.nii.gz,/Users/elizabethnemeti/Desktop/uwdatapreprocessing/output/train/case41/case41_day0/case41_day0_mask_multiclass.nii.gz
case41_day25,2,/Users/elizabethnemeti/Desktop/uwdatapreprocessing/output/train/case41/case41_day25/case41_day25_image.nii.gz,/Users/elizabethnemeti/Desktop/uwdatapreprocessing/output/train/case41/case41_day25/case41_day25_mask.nii.gz,/Users/elizabethnemeti/Desktop/uwdatapreprocessing/output/train/case41/case41_day25/case41_day25_mask_multiclass.nii.gz
case41_day32,2,/Users/elizabethnemeti/Desktop/uwdatapreprocessing/output/train/case41/case41_day32/case41_day32_image.nii.gz,/Users/elizabethnemeti/Desktop/uwdatapreprocessing/output/train/case41/case41_day32/case41_day32_mask.nii.gz,/Users/elizabethnemeti/Desktop/uwdatapreprocessing/output/train/case41/case41_day32/case41_day32_mask_multiclass.nii.gz
case42_day0,1,/Users/elizabethnemeti/Desktop/uwdatapreprocessing/output/train/case42/case42_day0/case42_day0_image.nii.gz,/Users/elizabethnemeti/Desktop/uwdatapreprocessing/output/train/case42/case42_day0/case42_day0_mask.nii.gz,/Users/elizabethnemeti/Desktop/uwdatapreprocessing/output/train/case42/case42_day0/case42_day0_mask_multiclass.nii.gz
case42_day17,1,/Users/elizabethnemeti/Desktop/uwdatapreprocessing/output/train/case42/case42_day17/case42_day17_image.nii.gz,/Users/elizabethnemeti/Desktop/uwdatapreprocessing/output/train/case42/case42_day17/case42_day17_mask.nii.gz,/Users/elizabethnemeti/Desktop/uwdatapreprocessing/output/train/case42/case42_day17/case42_day17_mask_multiclass.nii.gz
case42_day19,1,/Users/elizabethnemeti/Desktop/uwdatapreprocessing/output/train/case42/case42_day19/case42_day19_image.nii.gz,/Users/elizabethnemeti/Desktop/uwdatapreprocessing/output/train/case42/case42_day19/case42_day19_mask.nii.gz,/Users/elizabethnemeti/Desktop/uwdatapreprocessing/output/train/case42/case42_day19/case42_day19_mask_multiclass.nii.gz
case43_day0,1,/Users/elizabethnemeti/Desktop/uwdatapreprocessing/output/train/case43/case43_day0/case43_day0_image.nii.gz,/Users/elizabethnemeti/Desktop/uwdatapreprocessing/output/train/case43/case43_day0/case43_day0_mask.nii.gz,/Users/elizabethnemeti/Desktop/uwdatapreprocessing/output/train/case43/case43_day0/case43_day0_mask_multiclass.nii.gz
case43_day18,1,/Users/elizabethnemeti/Desktop/uwdatapreprocessing/output/train/case43/case43_day18/case43_day18_image.nii.gz,/Users/elizabethnemeti/Desktop/uwdatapreprocessing/output/train/case43/case43_day18/case43_day18_mask.nii.gz,/Users/elizabethnemeti/Desktop/uwdatapreprocessing/output/train/case43/case43_day18/case43_day18_mask_multiclass.nii.gz
case43_day20,1,/Users/elizabethnemeti/Desktop/uwdatapreprocessing/output/train/case43/case43_day20/case43_day20_image.nii.gz,/Users/elizabethnemeti/Desktop/uwdatapreprocessing/output/train/case43/case43_day20/case43_day20_mask.nii.gz,/Users/elizabethnemeti/Desktop/uwdatapreprocessing/output/train/case43/case43_day20/case43_day20_mask_multiclass.nii.gz
case43_day22,1,/Users/elizabethnemeti/Desktop/uwdatapreprocessing/output/train/case43/case43_day22/case43_day22_image.nii.gz,/Users/elizabethnemeti/Desktop/uwdatapreprocessing/output/train/case43/case43_day22/case43_day22_mask.nii.gz,/Users/elizabethnemeti/Desktop/uwdatapreprocessing/output/train/case43/case43_day22/case43_day22_mask_multiclass.nii.gz
case43_day26,1,/Users/elizabethnemeti/Desktop/uwdatapreprocessing/output/train/case43/case43_day26/case43_day26_image.nii.gz,/Users/elizabethnemeti/Desktop/uwdatapreprocessing/output/train/case43/case43_day26/case43_day26_mask.nii.gz,/Users/elizabethnemeti/Desktop/uwdatapreprocessing/output/train/case43/case43_day26/case43_day26_mask_multiclass.nii.gz
case44_day0,4,/Users/elizabethnemeti/Desktop/uwdatapreprocessing/output/train/case44/case44_day0/case44_day0_image.nii.gz,/Users/elizabethnemeti/Desktop/uwdatapreprocessing/output/train/case44/case44_day0/case44_day0_mask.nii.gz,/Users/elizabethnemeti/Desktop/uwdatapreprocessing/output/train/case44/case44_day0/case44_day0_mask_multiclass.nii.gz
case44_day19,4,/Users/elizabethnemeti/Desktop/uwdatapreprocessing/output/train/case44/case44_day19/case44_day19_image.nii.gz,/Users/elizabethnemeti/Desktop/uwdatapreprocessing/output/train/case44/case44_day19/case44_day19_mask.nii.gz,/Users/elizabethnemeti/Desktop/uwdatapreprocessing/output/train/case44/case44_day19/case44_day19_mask_multiclass.nii.gz
case44_day20,4,/Users/elizabethnemeti/Desktop/uwdatapreprocessing/output/train/case44/case44_day20/case44_day20_image.nii.gz,/Users/elizabethnemeti/Desktop/uwdatapreprocessing/output/train/case44/case44_day20/case44_day20_mask.nii.gz,/Users/elizabethnemeti/Desktop/uwdatapreprocessing/output/train/case44/case44_day20/case44_day20_mask_multiclass.nii.gz
case47_day0,0,/Users/elizabethnemeti/Desktop/uwdatapreprocessing/output/train/case47/case47_day0/case47_day0_image.nii.gz,/Users/elizabethnemeti/Desktop/uwdatapreprocessing/output/train/case47/case47_day0/case47_day0_mask.nii.gz,/Users/elizabethnemeti/Desktop/uwdatapreprocessing/output/train/case47/case47_day0/case47_day0_mask_multiclass.nii.gz
case47_day27,0,/Users/elizabethnemeti/Desktop/uwdatapreprocessing/output/train/case47/case47_day27/case47_day27_image.nii.gz,/Users/elizabethnemeti/Desktop/uwdatapreprocessing/output/train/case47/case47_day27/case47_day27_mask.nii.gz,/Users/elizabethnemeti/Desktop/uwdatapreprocessing/output/train/case47/case47_day27/case47_day27_mask_multiclass.nii.gz
case47_day29,0,/Users/elizabethnemeti/Desktop/uwdatapreprocessing/output/train/case47/case47_day29/case47_day29_image.nii.gz,/Users/elizabethnemeti/Desktop/uwdatapreprocessing/output/train/case47/case47_day29/case47_day29_mask.nii.gz,/Users/elizabethnemeti/Desktop/uwdatapreprocessing/output/train/case47/case47_day29/case47_day29_mask_multiclass.nii.gz
case49_day0,4,/Users/elizabethnemeti/Desktop/uwdatapreprocessing/output/train/case49/case49_day0/case49_day0_image.nii.gz,/Users/elizabethnemeti/Desktop/uwdatapreprocessing/output/train/case49/case49_day0/case49_day0_mask.nii.gz,/Users/elizabethnemeti/Desktop/uwdatapreprocessing/output/train/case49/case49_day0/case49_day0_mask_multiclass.nii.gz
case49_day13,4,/Users/elizabethnemeti/Desktop/uwdatapreprocessing/output/train/case49/case49_day13/case49_day13_image.nii.gz,/Users/elizabethnemeti/Desktop/uwdatapreprocessing/output/train/case49/case49_day13/case49_day13_mask.nii.gz,/Users/elizabethnemeti/Desktop/uwdatapreprocessing/output/train/case49/case49_day13/case49_day13_mask_multiclass.nii.gz
case49_day15,4,/Users/elizabethnemeti/Desktop/uwdatapreprocessing/output/train/case49/case49_day15/case49_day15_image.nii.gz,/Users/elizabethnemeti/Desktop/uwdatapreprocessing/output/train/case49/case49_day15/case49_day15_mask.nii.gz,/Users/elizabethnemeti/Desktop/uwdatapreprocessing/output/train/case49/case49_day15/case49_day15_mask_multiclass.nii.gz
case53_day0,2,/Users/elizabethnemeti/Desktop/uwdatapreprocessing/output/train/case53/case53_day0/case53_day0_image.nii.gz,/Users/elizabethnemeti/Desktop/uwdatapreprocessing/output/train/case53/case53_day0/case53_day0_mask.nii.gz,/Users/elizabethnemeti/Desktop/uwdatapreprocessing/output/train/case53/case53_day0/case53_day0_mask_multiclass.nii.gz
case54_day0,2,/Users/elizabethnemeti/Desktop/uwdatapreprocessing/output/train/case54/case54_day0/case54_day0_image.nii.gz,/Users/elizabethnemeti/Desktop/uwdatapreprocessing/output/train/case54/case54_day0/case54_day0_mask.nii.gz,/Users/elizabethnemeti/Desktop/uwdatapreprocessing/output/train/case54/case54_day0/case54_day0_mask_multiclass.nii.gz
case54_day30,2,/Users/elizabethnemeti/Desktop/uwdatapreprocessing/output/train/case54/case54_day30/case54_day30_image.nii.gz,/Users/elizabethnemeti/Desktop/uwdatapreprocessing/output/train/case54/case54_day30/case54_day30_mask.nii.gz,/Users/elizabethnemeti/Desktop/uwdatapreprocessing/output/train/case54/case54_day30/case54_day30_mask_multiclass.nii.gz
case54_day32,2,/Users/elizabethnemeti/Desktop/uwdatapreprocessing/output/train/case54/case54_day32/case54_day32_image.nii.gz,/Users/elizabethnemeti/Desktop/uwdatapreprocessing/output/train/case54/case54_day32/case54_day32_mask.nii.gz,/Users/elizabethnemeti/Desktop/uwdatapreprocessing/output/train/case54/case54_day32/case54_day32_mask_multiclass.nii.gz
case54_day35,2,/Users/elizabethnemeti/Desktop/uwdatapreprocessing/output/train/case54/case54_day35/case54_day35_image.nii.gz,/Users/elizabethnemeti/Desktop/uwdatapreprocessing/output/train/case54/case54_day35/case54_day35_mask.nii.gz,/Users/elizabethnemeti/Desktop/uwdatapreprocessing/output/train/case54/case54_day35/case54_day35_mask_multiclass.nii.gz
case54_day39,2,/Users/elizabethnemeti/Desktop/uwdatapreprocessing/output/train/case54/case54_day39/case54_day39_image.nii.gz,/Users/elizabethnemeti/Desktop/uwdatapreprocessing/output/train/case54/case54_day39/case54_day39_mask.nii.gz,/Users/elizabethnemeti/Desktop/uwdatapreprocessing/output/train/case54/case54_day39/case54_day39_mask_multiclass.nii.gz
case55_day0,4,/Users/elizabethnemeti/Desktop/uwdatapreprocessing/output/train/case55/case55_day0/case55_day0_image.nii.gz,/Users/elizabethnemeti/Desktop/uwdatapreprocessing/output/train/case55/case55_day0/case55_day0_mask.nii.gz,/Users/elizabethnemeti/Desktop/uwdatapreprocessing/output/train/case55/case55_day0/case55_day0_mask_multiclass.nii.gz
case55_day18,4,/Users/elizabethnemeti/Desktop/uwdatapreprocessing/output/train/case55/case55_day18/case55_day18_image.nii.gz,/Users/elizabethnemeti/Desktop/uwdatapreprocessing/output/train/case55/case55_day18/case55_day18_mask.nii.gz,/Users/elizabethnemeti/Desktop/uwdatapreprocessing/output/train/case55/case55_day18/case55_day18_mask_multiclass.nii.gz
case55_day20,4,/Users/elizabethnemeti/Desktop/uwdatapreprocessing/output/train/case55/case55_day20/case55_day20_image.nii.gz,/Users/elizabethnemeti/Desktop/uwdatapreprocessing/output/train/case55/case55_day20/case55_day20_mask.nii.gz,/Users/elizabethnemeti/Desktop/uwdatapreprocessing/output/train/case55/case55_day20/case55_day20_mask_multiclass.nii.gz
case58_day0,1,/Users/elizabethnemeti/Desktop/uwdatapreprocessing/output/train/case58/case58_day0/case58_day0_image.nii.gz,/Users/elizabethnemeti/Desktop/uwdatapreprocessing/output/train/case58/case58_day0/case58_day0_mask.nii.gz,/Users/elizabethnemeti/Desktop/uwdatapreprocessing/output/train/case58/case58_day0/case58_day0_mask_multiclass.nii.gz
case6_day0,1,/Users/elizabethnemeti/Desktop/uwdatapreprocessing/output/train/case6/case6_day0/case6_day0_image.nii.gz,/Users/elizabethnemeti/Desktop/uwdatapreprocessing/output/train/case6/case6_day0/case6_day0_mask.nii.gz,/Users/elizabethnemeti/Desktop/uwdatapreprocessing/output/train/case6/case6_day0/case6_day0_mask_multiclass.nii.gz
case6_day20,1,/Users/elizabethnemeti/Desktop/uwdatapreprocessing/output/train/case6/case6_day20/case6_day20_image.nii.gz,/Users/elizabethnemeti/Desktop/uwdatapreprocessing/output/train/case6/case6_day20/case6_day20_mask.nii.gz,/Users/elizabethnemeti/Desktop/uwdatapreprocessing/output/train/case6/case6_day20/case6_day20_mask_multiclass.nii.gz
case6_day24,1,/Users/elizabethnemeti/Desktop/uwdatapreprocessing/output/train/case6/case6_day24/case6_day24_image.nii.gz,/Users/elizabethnemeti/Desktop/uwdatapreprocessing/output/train/case6/case6_day24/case6_day24_mask.nii.gz,/Users/elizabethnemeti/Desktop/uwdatapreprocessing/output/train/case6/case6_day24/case6_day24_mask_multiclass.nii.gz
case63_day0,2,/Users/elizabethnemeti/Desktop/uwdatapreprocessing/output/train/case63/case63_day0/case63_day0_image.nii.gz,/Users/elizabethnemeti/Desktop/uwdatapreprocessing/output/train/case63/case63_day0/case63_day0_mask.nii.gz,/Users/elizabethnemeti/Desktop/uwdatapreprocessing/output/train/case63/case63_day0/case63_day0_mask_multiclass.nii.gz
case63_day18,2,/Users/elizabethnemeti/Desktop/uwdatapreprocessing/output/train/case63/case63_day18/case63_day18_image.nii.gz,/Users/elizabethnemeti/Desktop/uwdatapreprocessing/output/train/case63/case63_day18/case63_day18_mask.nii.gz,/Users/elizabethnemeti/Desktop/uwdatapreprocessing/output/train/case63/case63_day18/case63_day18_mask_multiclass.nii.gz
case63_day20,2,/Users/elizabethnemeti/Desktop/uwdatapreprocessing/output/train/case63/case63_day20/case63_day20_image.nii.gz,/Users/elizabethnemeti/Desktop/uwdatapreprocessing/output/train/case63/case63_day20/case63_day20_mask.nii.gz,/Users/elizabethnemeti/Desktop/uwdatapreprocessing/output/train/case63/case63_day20/case63_day20_mask_multiclass.nii.gz
case63_day22,2,/Users/elizabethnemeti/Desktop/uwdatapreprocessing/output/train/case63/case63_day22/case63_day22_image.nii.gz,/Users/elizabethnemeti/Desktop/uwdatapreprocessing/output/train/case63/case63_day22/case63_day22_mask.nii.gz,/Users/elizabethnemeti/Desktop/uwdatapreprocessing/output/train/case63/case63_day22/case63_day22_mask_multiclass.nii.gz
case63_day26,2,/Users/elizabethnemeti/Desktop/uwdatapreprocessing/output/train/case63/case63_day26/case63_day26_image.nii.gz,/Users/elizabethnemeti/Desktop/uwdatapreprocessing/output/train/case63/case63_day26/case63_day26_mask.nii.gz,/Users/elizabethnemeti/Desktop/uwdatapreprocessing/output/train/case63/case63_day26/case63_day26_mask_multiclass.nii.gz
case65_day0,2,/Users/elizabethnemeti/Desktop/uwdatapreprocessing/output/train/case65/case65_day0/case65_day0_image.nii.gz,/Users/elizabethnemeti/Desktop/uwdatapreprocessing/output/train/case65/case65_day0/case65_day0_mask.nii.gz,/Users/elizabethnemeti/Desktop/uwdatapreprocessing/output/train/case65/case65_day0/case65_day0_mask_multiclass.nii.gz
case65_day25,2,/Users/elizabethnemeti/Desktop/uwdatapreprocessing/output/train/case65/case65_day25/case65_day25_image.nii.gz,/Users/elizabethnemeti/Desktop/uwdatapreprocessing/output/train/case65/case65_day25/case65_day25_mask.nii.gz,/Users/elizabethnemeti/Desktop/uwdatapreprocessing/output/train/case65/case65_day25/case65_day25_mask_multiclass.nii.gz
case65_day28,2,/Users/elizabethnemeti/Desktop/uwdatapreprocessing/output/train/case65/case65_day28/case65_day28_image.nii.gz,/Users/elizabethnemeti/Desktop/uwdatapreprocessing/output/train/case65/case65_day28/case65_day28_mask.nii.gz,/Users/elizabethnemeti/Desktop/uwdatapreprocessing/output/train/case65/case65_day28/case65_day28_mask_multiclass.nii.gz
case66_day0,0,/Users/elizabethnemeti/Desktop/uwdatapreprocessing/output/train/case66/case66_day0/case66_day0_image.nii.gz,/Users/elizabethnemeti/Desktop/uwdatapreprocessing/output/train/case66/case66_day0/case66_day0_mask.nii.gz,/Users/elizabethnemeti/Desktop/uwdatapreprocessing/output/train/case66/case66_day0/case66_day0_mask_multiclass.nii.gz
case66_day34,0,/Users/elizabethnemeti/Desktop/uwdatapreprocessing/output/train/case66/case66_day34/case66_day34_image.nii.gz,/Users/elizabethnemeti/Desktop/uwdatapreprocessing/output/train/case66/case66_day34/case66_day34_mask.nii.gz,/Users/elizabethnemeti/Desktop/uwdatapreprocessing/output/train/case66/case66_day34/case66_day34_mask_multiclass.nii.gz
case66_day36,0,/Users/elizabethnemeti/Desktop/uwdatapreprocessing/output/train/case66/case66_day36/case66_day36_image.nii.gz,/Users/elizabethnemeti/Desktop/uwdatapreprocessing/output/train/case66/case66_day36/case66_day36_mask.nii.gz,/Users/elizabethnemeti/Desktop/uwdatapreprocessing/output/train/case66/case66_day36/case66_day36_mask_multiclass.nii.gz
case67_day0,0,/Users/elizabethnemeti/Desktop/uwdatapreprocessing/output/train/case67/case67_day0/case67_day0_image.nii.gz,/Users/elizabethnemeti/Desktop/uwdatapreprocessing/output/train/case67/case67_day0/case67_day0_mask.nii.gz,/Users/elizabethnemeti/Desktop/uwdatapreprocessing/output/train/case67/case67_day0/case67_day0_mask_multiclass.nii.gz
case67_day12,0,/Users/elizabethnemeti/Desktop/uwdatapreprocessing/output/train/case67/case67_day12/case67_day12_image.nii.gz,/Users/elizabethnemeti/Desktop/uwdatapreprocessing/output/train/case67/case67_day12/case67_day12_mask.nii.gz,/Users/elizabethnemeti/Desktop/uwdatapreprocessing/output/train/case67/case67_day12/case67_day12_mask_multiclass.nii.gz
case67_day16,0,/Users/elizabethnemeti/Desktop/uwdatapreprocessing/output/train/case67/case67_day16/case67_day16_image.nii.gz,/Users/elizabethnemeti/Desktop/uwdatapreprocessing/output/train/case67/case67_day16/case67_day16_mask.nii.gz,/Users/elizabethnemeti/Desktop/uwdatapreprocessing/output/train/case67/case67_day16/case67_day16_mask_multiclass.nii.gz
case7_day0,2,/Users/elizabethnemeti/Desktop/uwdatapreprocessing/output/train/case7/case7_day0/case7_day0_image.nii.gz,/Users/elizabethnemeti/Desktop/uwdatapreprocessing/output/train/case7/case7_day0/case7_day0_mask.nii.gz,/Users/elizabethnemeti/Desktop/uwdatapreprocessing/output/train/case7/case7_day0/case7_day0_mask_multiclass.nii.gz
case7_day13,2,/Users/elizabethnemeti/Desktop/uwdatapreprocessing/output/train/case7/case7_day13/case7_day13_image.nii.gz,/Users/elizabethnemeti/Desktop/uwdatapreprocessing/output/train/case7/case7_day13/case7_day13_mask.nii.gz,/Users/elizabethnemeti/Desktop/uwdatapreprocessing/output/train/case7/case7_day13/case7_day13_mask_multiclass.nii.gz
case7_day19,2,/Users/elizabethnemeti/Desktop/uwdatapreprocessing/output/train/case7/case7_day19/case7_day19_image.nii.gz,/Users/elizabethnemeti/Desktop/uwdatapreprocessing/output/train/case7/case7_day19/case7_day19_mask.nii.gz,/Users/elizabethnemeti/Desktop/uwdatapreprocessing/output/train/case7/case7_day19/case7_day19_mask_multiclass.nii.gz
case74_day0,1,/Users/elizabethnemeti/Desktop/uwdatapreprocessing/output/train/case74/case74_day0/case74_day0_image.nii.gz,/Users/elizabethnemeti/Desktop/uwdatapreprocessing/output/train/case74/case74_day0/case74_day0_mask.nii.gz,/Users/elizabethnemeti/Desktop/uwdatapreprocessing/output/train/case74/case74_day0/case74_day0_mask_multiclass.nii.gz
case74_day13,1,/Users/elizabethnemeti/Desktop/uwdatapreprocessing/output/train/case74/case74_day13/case74_day13_image.nii.gz,/Users/elizabethnemeti/Desktop/uwdatapreprocessing/output/train/case74/case74_day13/case74_day13_mask.nii.gz,/Users/elizabethnemeti/Desktop/uwdatapreprocessing/output/train/case74/case74_day13/case74_day13_mask_multiclass.nii.gz
case74_day15,1,/Users/elizabethnemeti/Desktop/uwdatapreprocessing/output/train/case74/case74_day15/case74_day15_image.nii.gz,/Users/elizabethnemeti/Desktop/uwdatapreprocessing/output/train/case74/case74_day15/case74_day15_mask.nii.gz,/Users/elizabethnemeti/Desktop/uwdatapreprocessing/output/train/case74/case74_day15/case74_day15_mask_multiclass.nii.gz
case74_day18,1,/Users/elizabethnemeti/Desktop/uwdatapreprocessing/output/train/case74/case74_day18/case74_day18_image.nii.gz,/Users/elizabethnemeti/Desktop/uwdatapreprocessing/output/train/case74/case74_day18/case74_day18_mask.nii.gz,/Users/elizabethnemeti/Desktop/uwdatapreprocessing/output/train/case74/case74_day18/case74_day18_mask_multiclass.nii.gz
case74_day19,1,/Users/elizabethnemeti/Desktop/uwdatapreprocessing/output/train/case74/case74_day19/case74_day19_image.nii.gz,/Users/elizabethnemeti/Desktop/uwdatapreprocessing/output/train/case74/case74_day19/case74_day19_mask.nii.gz,/Users/elizabethnemeti/Desktop/uwdatapreprocessing/output/train/case74/case74_day19/case74_day19_mask_multiclass.nii.gz
case77_day0,4,/Users/elizabethnemeti/Desktop/uwdatapreprocessing/output/train/case77/case77_day0/case77_day0_image.nii.gz,/Users/elizabethnemeti/Desktop/uwdatapreprocessing/output/train/case77/case77_day0/case77_day0_mask.nii.gz,/Users/elizabethnemeti/Desktop/uwdatapreprocessing/output/train/case77/case77_day0/case77_day0_mask_multiclass.nii.gz
case77_day18,4,/Users/elizabethnemeti/Desktop/uwdatapreprocessing/output/train/case77/case77_day18/case77_day18_image.nii.gz,/Users/elizabethnemeti/Desktop/uwdatapreprocessing/output/train/case77/case77_day18/case77_day18_mask.nii.gz,/Users/elizabethnemeti/Desktop/uwdatapreprocessing/output/train/case77/case77_day18/case77_day18_mask_multiclass.nii.gz
case77_day20,4,/Users/elizabethnemeti/Desktop/uwdatapreprocessing/output/train/case77/case77_day20/case77_day20_image.nii.gz,/Users/elizabethnemeti/Desktop/uwdatapreprocessing/output/train/case77/case77_day20/case77_day20_mask.nii.gz,/Users/elizabethnemeti/Desktop/uwdatapreprocessing/output/train/case77/case77_day20/case77_day20_mask_multiclass.nii.gz
case78_day0,1,/Users/elizabethnemeti/Desktop/uwdatapreprocessing/output/train/case78/case78_day0/case78_day0_image.nii.gz,/Users/elizabethnemeti/Desktop/uwdatapreprocessing/output/train/case78/case78_day0/case78_day0_mask.nii.gz,/Users/elizabethnemeti/Desktop/uwdatapreprocessing/output/train/case78/case78_day0/case78_day0_mask_multiclass.nii.gz
case78_day18,1,/Users/elizabethnemeti/Desktop/uwdatapreprocessing/output/train/case78/case78_day18/case78_day18_image.nii.gz,/Users/elizabethnemeti/Desktop/uwdatapreprocessing/output/train/case78/case78_day18/case78_day18_mask.nii.gz,/Users/elizabethnemeti/Desktop/uwdatapreprocessing/output/train/case78/case78_day18/case78_day18_mask_multiclass.nii.gz
case78_day22,1,/Users/elizabethnemeti/Desktop/uwdatapreprocessing/output/train/case78/case78_day22/case78_day22_image.nii.gz,/Users/elizabethnemeti/Desktop/uwdatapreprocessing/output/train/case78/case78_day22/case78_day22_mask.nii.gz,/Users/elizabethnemeti/Desktop/uwdatapreprocessing/output/train/case78/case78_day22/case78_day22_mask_multiclass.nii.gz
case78_day26,1,/Users/elizabethnemeti/Desktop/uwdatapreprocessing/output/train/case78/case78_day26/case78_day26_image.nii.gz,/Users/elizabethnemeti/Desktop/uwdatapreprocessing/output/train/case78/case78_day26/case78_day26_mask.nii.gz,/Users/elizabethnemeti/Desktop/uwdatapreprocessing/output/train/case78/case78_day26/case78_day26_mask_multiclass.nii.gz
case78_day30,1,/Users/elizabethnemeti/Desktop/uwdatapreprocessing/output/train/case78/case78_day30/case78_day30_image.nii.gz,/Users/elizabethnemeti/Desktop/uwdatapreprocessing/output/train/case78/case78_day30/case78_day30_mask.nii.gz,/Users/elizabethnemeti/Desktop/uwdatapreprocessing/output/train/case78/case78_day30/case78_day30_mask_multiclass.nii.gz
case80_day0,1,/Users/elizabethnemeti/Desktop/uwdatapreprocessing/output/train/case80/case80_day0/case80_day0_image.nii.gz,/Users/elizabethnemeti/Desktop/uwdatapreprocessing/output/train/case80/case80_day0/case80_day0_mask.nii.gz,/Users/elizabethnemeti/Desktop/uwdatapreprocessing/output/train/case80/case80_day0/case80_day0_mask_multiclass.nii.gz
case80_day10,1,/Users/elizabethnemeti/Desktop/uwdatapreprocessing/output/train/case80/case80_day10/case80_day10_image.nii.gz,/Users/elizabethnemeti/Desktop/uwdatapreprocessing/output/train/case80/case80_day10/case80_day10_mask.nii.gz,/Users/elizabethnemeti/Desktop/uwdatapreprocessing/output/train/case80/case80_day10/case80_day10_mask_multiclass.nii.gz
case80_day14,1,/Users/elizabethnemeti/Desktop/uwdatapreprocessing/output/train/case80/case80_day14/case80_day14_image.nii.gz,/Users/elizabethnemeti/Desktop/uwdatapreprocessing/output/train/case80/case80_day14/case80_day14_mask.nii.gz,/Users/elizabethnemeti/Desktop/uwdatapreprocessing/output/train/case80/case80_day14/case80_day14_mask_multiclass.nii.gz
case81_day0,3,/Users/elizabethnemeti/Desktop/uwdatapreprocessing/output/train/case81/case81_day0/case81_day0_image.nii.gz,/Users/elizabethnemeti/Desktop/uwdatapreprocessing/output/train/case81/case81_day0/case81_day0_mask.nii.gz,/Users/elizabethnemeti/Desktop/uwdatapreprocessing/output/train/case81/case81_day0/case81_day0_mask_multiclass.nii.gz
case81_day28,3,/Users/elizabethnemeti/Desktop/uwdatapreprocessing/output/train/case81/case81_day28/case81_day28_image.nii.gz,/Users/elizabethnemeti/Desktop/uwdatapreprocessing/output/train/case81/case81_day28/case81_day28_mask.nii.gz,/Users/elizabethnemeti/Desktop/uwdatapreprocessing/output/train/case81/case81_day28/case81_day28_mask_multiclass.nii.gz
case81_day30,3,/Users/elizabethnemeti/Desktop/uwdatapreprocessing/output/train/case81/case81_day30/case81_day30_image.nii.gz,/Users/elizabethnemeti/Desktop/uwdatapreprocessing/output/train/case81/case81_day30/case81_day30_mask.nii.gz,/Users/elizabethnemeti/Desktop/uwdatapreprocessing/output/train/case81/case81_day30/case81_day30_mask_multiclass.nii.gz
case84_day0,1,/Users/elizabethnemeti/Desktop/uwdatapreprocessing/output/train/case84/case84_day0/case84_day0_image.nii.gz,/Users/elizabethnemeti/Desktop/uwdatapreprocessing/output/train/case84/case84_day0/case84_day0_mask.nii.gz,/Users/elizabethnemeti/Desktop/uwdatapreprocessing/output/train/case84/case84_day0/case84_day0_mask_multiclass.nii.gz
case84_day21,1,/Users/elizabethnemeti/Desktop/uwdatapreprocessing/output/train/case84/case84_day21/case84_day21_image.nii.gz,/Users/elizabethnemeti/Desktop/uwdatapreprocessing/output/train/case84/case84_day21/case84_day21_mask.nii.gz,/Users/elizabethnemeti/Desktop/uwdatapreprocessing/output/train/case84/case84_day21/case84_day21_mask_multiclass.nii.gz
case84_day23,1,/Users/elizabethnemeti/Desktop/uwdatapreprocessing/output/train/case84/case84_day23/case84_day23_image.nii.gz,/Users/elizabethnemeti/Desktop/uwdatapreprocessing/output/train/case84/case84_day23/case84_day23_mask.nii.gz,/Users/elizabethnemeti/Desktop/uwdatapreprocessing/output/train/case84/case84_day23/case84_day23_mask_multiclass.nii.gz
case85_day0,2,/Users/elizabethnemeti/Desktop/uwdatapreprocessing/output/train/case85/case85_day0/case85_day0_image.nii.gz,/Users/elizabethnemeti/Desktop/uwdatapreprocessing/output/train/case85/case85_day0/case85_day0_mask.nii.gz,/Users/elizabethnemeti/Desktop/uwdatapreprocessing/output/train/case85/case85_day0/case85_day0_mask_multiclass.nii.gz
case85_day21,2,/Users/elizabethnemeti/Desktop/uwdatapreprocessing/output/train/case85/case85_day21/case85_day21_image.nii.gz,/Users/elizabethnemeti/Desktop/uwdatapreprocessing/output/train/case85/case85_day21/case85_day21_mask.nii.gz,/Users/elizabethnemeti/Desktop/uwdatapreprocessing/output/train/case85/case85_day21/case85_day21_mask_multiclass.nii.gz
case85_day23,2,/Users/elizabethnemeti/Desktop/uwdatapreprocessing/output/train/case85/case85_day23/case85_day23_image.nii.gz,/Users/elizabethnemeti/Desktop/uwdatapreprocessing/output/train/case85/case85_day23/case85_day23_mask.nii.gz,/Users/elizabethnemeti/Desktop/uwdatapreprocessing/output/train/case85/case85_day23/case85_day23_mask_multiclass.nii.gz
case85_day27,2,/Users/elizabethnemeti/Desktop/uwdatapreprocessing/output/train/case85/case85_day27/case85_day27_image.nii.gz,/Users/elizabethnemeti/Desktop/uwdatapreprocessing/output/train/case85/case85_day27/case85_day27_mask.nii.gz,/Users/elizabethnemeti/Desktop/uwdatapreprocessing/output/train/case85/case85_day27/case85_day27_mask_multiclass.nii.gz
case85_day29,2,/Users/elizabethnemeti/Desktop/uwdatapreprocessing/output/train/case85/case85_day29/case85_day29_image.nii.gz,/Users/elizabethnemeti/Desktop/uwdatapreprocessing/output/train/case85/case85_day29/case85_day29_mask.nii.gz,/Users/elizabethnemeti/Desktop/uwdatapreprocessing/output/train/case85/case85_day29/case85_day29_mask_multiclass.nii.gz
case88_day0,0,/Users/elizabethnemeti/Desktop/uwdatapreprocessing/output/train/case88/case88_day0/case88_day0_image.nii.gz,/Users/elizabethnemeti/Desktop/uwdatapreprocessing/output/train/case88/case88_day0/case88_day0_mask.nii.gz,/Users/elizabethnemeti/Desktop/uwdatapreprocessing/output/train/case88/case88_day0/case88_day0_mask_multiclass.nii.gz
case88_day36,0,/Users/elizabethnemeti/Desktop/uwdatapreprocessing/output/train/case88/case88_day36/case88_day36_image.nii.gz,/Users/elizabethnemeti/Desktop/uwdatapreprocessing/output/train/case88/case88_day36/case88_day36_mask.nii.gz,/Users/elizabethnemeti/Desktop/uwdatapreprocessing/output/train/case88/case88_day36/case88_day36_mask_multiclass.nii.gz
case88_day38,0,/Users/elizabethnemeti/Desktop/uwdatapreprocessing/output/train/case88/case88_day38/case88_day38_image.nii.gz,/Users/elizabethnemeti/Desktop/uwdatapreprocessing/output/train/case88/case88_day38/case88_day38_mask.nii.gz,/Users/elizabethnemeti/Desktop/uwdatapreprocessing/output/train/case88/case88_day38/case88_day38_mask_multiclass.nii.gz
case89_day0,0,/Users/elizabethnemeti/Desktop/uwdatapreprocessing/output/train/case89/case89_day0/case89_day0_image.nii.gz,/Users/elizabethnemeti/Desktop/uwdatapreprocessing/output/train/case89/case89_day0/case89_day0_mask.nii.gz,/Users/elizabethnemeti/Desktop/uwdatapreprocessing/output/train/case89/case89_day0/case89_day0_mask_multiclass.nii.gz
case89_day17,0,/Users/elizabethnemeti/Desktop/uwdatapreprocessing/output/train/case89/case89_day17/case89_day17_image.nii.gz,/Users/elizabethnemeti/Desktop/uwdatapreprocessing/output/train/case89/case89_day17/case89_day17_mask.nii.gz,/Users/elizabethnemeti/Desktop/uwdatapreprocessing/output/train/case89/case89_day17/case89_day17_mask_multiclass.nii.gz
case89_day19,0,/Users/elizabethnemeti/Desktop/uwdatapreprocessing/output/train/case89/case89_day19/case89_day19_image.nii.gz,/Users/elizabethnemeti/Desktop/uwdatapreprocessing/output/train/case89/case89_day19/case89_day19_mask.nii.gz,/Users/elizabethnemeti/Desktop/uwdatapreprocessing/output/train/case89/case89_day19/case89_day19_mask_multiclass.nii.gz
case89_day20,0,/Users/elizabethnemeti/Desktop/uwdatapreprocessing/output/train/case89/case89_day20/case89_day20_image.nii.gz,/Users/elizabethnemeti/Desktop/uwdatapreprocessing/output/train/case89/case89_day20/case89_day20_mask.nii.gz,/Users/elizabethnemeti/Desktop/uwdatapreprocessing/output/train/case89/case89_day20/case89_day20_mask_multiclass.nii.gz
case89_day21,0,/Users/elizabethnemeti/Desktop/uwdatapreprocessing/output/train/case89/case89_day21/case89_day21_image.nii.gz,/Users/elizabethnemeti/Desktop/uwdatapreprocessing/output/train/case89/case89_day21/case89_day21_mask.nii.gz,/Users/elizabethnemeti/Desktop/uwdatapreprocessing/output/train/case89/case89_day21/case89_day21_mask_multiclass.nii.gz
case9_day0,0,/Users/elizabethnemeti/Desktop/uwdatapreprocessing/output/train/case9/case9_day0/case9_day0_image.nii.gz,/Users/elizabethnemeti/Desktop/uwdatapreprocessing/output/train/case9/case9_day0/case9_day0_mask.nii.gz,/Users/elizabethnemeti/Desktop/uwdatapreprocessing/output/train/case9/case9_day0/case9_day0_mask_multiclass.nii.gz
case9_day20,0,/Users/elizabethnemeti/Desktop/uwdatapreprocessing/output/train/case9/case9_day20/case9_day20_image.nii.gz,/Users/elizabethnemeti/Desktop/uwdatapreprocessing/output/train/case9/case9_day20/case9_day20_mask.nii.gz,/Users/elizabethnemeti/Desktop/uwdatapreprocessing/output/train/case9/case9_day20/case9_day20_mask_multiclass.nii.gz
case9_day22,0,/Users/elizabethnemeti/Desktop/uwdatapreprocessing/output/train/case9/case9_day22/case9_day22_image.nii.gz,/Users/elizabethnemeti/Desktop/uwdatapreprocessing/output/train/case9/case9_day22/case9_day22_mask.nii.gz,/Users/elizabethnemeti/Desktop/uwdatapreprocessing/output/train/case9/case9_day22/case9_day22_mask_multiclass.nii.gz
case90_day0,0,/Users/elizabethnemeti/Desktop/uwdatapreprocessing/output/train/case90/case90_day0/case90_day0_image.nii.gz,/Users/elizabethnemeti/Desktop/uwdatapreprocessing/output/train/case90/case90_day0/case90_day0_mask.nii.gz,/Users/elizabethnemeti/Desktop/uwdatapreprocessing/output/train/case90/case90_day0/case90_day0_mask_multiclass.nii.gz
case90_day22,0,/Users/elizabethnemeti/Desktop/uwdatapreprocessing/output/train/case90/case90_day22/case90_day22_image.nii.gz,/Users/elizabethnemeti/Desktop/uwdatapreprocessing/output/train/case90/case90_day22/case90_day22_mask.nii.gz,/Users/elizabethnemeti/Desktop/uwdatapreprocessing/output/train/case90/case90_day22/case90_day22_mask_multiclass.nii.gz
case90_day29,0,/Users/elizabethnemeti/Desktop/uwdatapreprocessing/output/train/case90/case90_day29/case90_day29_image.nii.gz,/Users/elizabethnemeti/Desktop/uwdatapreprocessing/output/train/case90/case90_day29/case90_day29_mask.nii.gz,/Users/elizabethnemeti/Desktop/uwdatapreprocessing/output/train/case90/case90_day29/case90_day29_mask_multiclass.nii.gz
case91_day0,4,/Users/elizabethnemeti/Desktop/uwdatapreprocessing/output/train/case91/case91_day0/case91_day0_image.nii.gz,/Users/elizabethnemeti/Desktop/uwdatapreprocessing/output/train/case91/case91_day0/case91_day0_mask.nii.gz,/Users/elizabethnemeti/Desktop/uwdatapreprocessing/output/train/case91/case91_day0/case91_day0_mask_multiclass.nii.gz
case92_day0,3,/Users/elizabethnemeti/Desktop/uwdatapreprocessing/output/train/case92/case92_day0/case92_day0_image.nii.gz,/Users/elizabethnemeti/Desktop/uwdatapreprocessing/output/train/case92/case92_day0/case92_day0_mask.nii.gz,/Users/elizabethnemeti/Desktop/uwdatapreprocessing/output/train/case92/case92_day0/case92_day0_mask_multiclass.nii.gz
